PredictedValue,PredictionConfidence,ï»¿ID,Age,BusinessTravel,DailyRate,Department,DistanceFromHome,Education,EducationField,EnvironmentSatisfaction,Gender,HourlyRate,JobInvolvement,JobLevel,JobRole,JobSatisfaction,MaritalStatus,MonthlyRate,NumCompaniesWorked,OverTime,PercentSalaryHike,RelationshipSatisfaction,StockOptionLevel,TrainingTimesLastYear,WorkLifeBalance,YearsAtCompany,YearsSinceLastPromotion,EmployeeCount,EmployeeNumber,MonthlyIncome,Over18,PerformanceRating,StandardHours,TotalWorkingYears,YearsInCurrentRole,YearsWithCurrManager,,Employee Level,Employee Status,Employee Race,Vendor
No,0.53,3E+14,52,Travel_Rarely,258,Research & Development,8,4,Other,3,Female,54,3,1,Laboratory Technician,1,Married,17363,9,No,13,3,0,2,1,5,0,1,1409,2950,Y,3,80,12,4,4,,Middle Management,Full Time,Asian,N/A
No,0.86,3E+14,37,Travel_Rarely,1462,Research & Development,11,3,Medical,1,Female,94,3,1,Laboratory Technician,3,Single,19106,4,No,18,1,0,6,3,3,0,1,1411,3629,Y,3,80,8,2,2,,L2 Employee,Full Time,White ,N/A
No,0.92,3E+14,35,Travel_Frequently,200,Research & Development,18,2,Life Sciences,3,Male,60,3,3,Manufacturing Director,4,Single,19944,2,No,11,3,0,2,3,2,2,1,1412,9362,Y,3,80,10,2,2,,L3 Employee,Contractor,White ,IBM
No,0.74,3E+14,25,Travel_Rarely,949,Research & Development,1,3,Technical Degree,1,Male,81,3,1,Laboratory Technician,4,Married,4910,4,No,11,2,1,2,2,3,0,1,1415,3229,Y,3,80,7,2,2,,L3 Employee,Full Time,Black,N/A
No,0.74,3E+14,26,Travel_Rarely,652,Research & Development,7,3,Other,3,Male,100,4,1,Laboratory Technician,1,Single,23577,0,No,12,4,0,2,3,7,0,1,1417,3578,Y,3,80,8,7,7,,L2 Employee,Contractor,Asian,Accenture
Yes,0.56,3E+14,29,Travel_Rarely,332,Human Resources,17,3,Other,2,Male,51,2,3,Human Resources,1,Single,9769,1,No,13,1,0,3,2,10,0,1,1419,7988,Y,3,80,10,9,9,,L1 Employee,Full Time,Asian,N/A
Yes,0.51,3E+14,49,Travel_Frequently,1475,Research & Development,28,2,Life Sciences,1,Male,97,2,2,Laboratory Technician,1,Single,22710,3,No,20,1,0,2,3,4,1,1,1420,4284,Y,4,80,20,3,3,,L1 Employee,Full Time,White ,N/A
No,0.64,3E+14,29,Travel_Frequently,337,Research & Development,14,1,Other,3,Female,84,3,3,Healthcare Representative,4,Single,22930,0,Yes,12,1,0,1,3,8,7,1,1421,7553,Y,3,80,9,7,7,,Middle Management,Full Time,White ,N/A
No,0.99,3E+14,54,Travel_Rarely,971,Research & Development,1,3,Medical,4,Female,54,3,4,Research Director,4,Single,5652,6,No,19,4,0,3,2,20,12,1,1422,17328,Y,3,80,29,7,7,,L3 Employee,Full Time,Asian,N/A
No,0.99,3E+14,58,Travel_Rarely,1055,Research & Development,1,3,Medical,4,Female,76,3,5,Research Director,1,Married,22456,3,Yes,21,3,1,3,3,9,1,1,1423,19701,Y,4,80,32,8,5,,L2 Employee,Contractor,Black,Deloitte
No,1,3E+14,55,Travel_Rarely,1136,Research & Development,1,4,Medical,2,Male,81,4,4,Research Director,4,Divorced,12414,2,No,13,4,2,4,4,7,0,1,1424,14732,Y,3,80,31,7,0,,L1 Employee,Full Time,White ,N/A
Yes,0.53,3E+14,36,Travel_Rarely,1174,Sales,3,4,Marketing,1,Female,99,3,2,Sales Executive,2,Single,20763,3,Yes,16,4,0,3,3,5,0,1,1425,9278,Y,3,80,15,4,1,,L1 Employee,Contractor,Asian,Deloitte
Yes,0.65,3E+14,31,Travel_Frequently,667,Sales,1,4,Life Sciences,2,Female,50,1,1,Sales Representative,3,Single,16154,1,No,12,2,0,3,3,1,0,1,1427,1359,Y,3,80,1,0,0,,L2 Employee,Full Time,Black,N/A
No,0.95,3E+14,30,Travel_Rarely,855,Sales,7,4,Marketing,4,Female,73,3,2,Sales Executive,1,Divorced,12761,7,No,14,2,2,3,3,3,0,1,1428,4779,Y,3,80,8,2,2,,L1 Employee,Contractor,White ,KPMG 
No,0.92,3E+14,31,Travel_Rarely,182,Research & Development,8,5,Life Sciences,1,Female,93,3,4,Research Director,2,Single,8847,3,No,11,3,0,3,4,3,1,1,1430,16422,Y,3,80,9,2,0,,L2 Employee,Contractor,White ,Ernst & Young
No,0.97,3E+14,34,Travel_Frequently,560,Research & Development,1,4,Other,4,Male,91,3,1,Research Scientist,1,Divorced,20284,5,No,14,3,2,2,3,4,1,1,1431,2996,Y,3,80,10,3,3,,L1 Employee,Contractor,Black,IBM
Yes,0.59,3E+14,31,Travel_Rarely,202,Research & Development,8,3,Life Sciences,1,Female,34,2,1,Research Scientist,2,Single,22262,1,No,12,3,0,3,4,1,0,1,1433,1261,Y,3,80,1,0,0,,L1 Employee,Full Time,Black,N/A
No,0.76,3E+14,27,Travel_Rarely,1377,Research & Development,11,1,Life Sciences,2,Male,91,3,1,Laboratory Technician,1,Married,7679,0,No,14,2,0,3,4,5,1,1,1434,2099,Y,3,80,6,0,4,,L2 Employee,Full Time,White ,N/A
No,0.78,3E+14,36,Travel_Rarely,172,Research & Development,4,4,Life Sciences,1,Male,37,2,2,Laboratory Technician,4,Single,22604,1,No,16,3,0,2,2,10,1,1,1435,5810,Y,3,80,10,4,8,,L2 Employee,Full Time,Black,N/A
No,0.77,3E+14,36,Travel_Rarely,329,Sales,16,4,Marketing,3,Female,98,2,2,Sales Executive,1,Married,13494,4,No,13,1,2,3,2,3,0,1,1436,5647,Y,3,80,11,2,2,,L3 Employee,Full Time,Black,N/A
No,0.83,3E+14,47,Travel_Rarely,465,Research & Development,1,3,Technical Degree,1,Male,74,3,1,Research Scientist,4,Married,10205,7,No,12,3,1,2,2,6,1,1,1438,3420,Y,3,80,17,5,2,,L1 Employee,Contractor,White ,CGI
Yes,0.79,3E+14,25,Travel_Rarely,383,Sales,9,2,Life Sciences,1,Male,68,2,1,Sales Representative,1,Married,15182,3,No,12,1,0,2,3,3,2,1,1439,4400,Y,3,80,6,2,2,,L1 Employee,Contractor,White ,KPMG 
No,0.82,3E+14,37,Non-Travel,1413,Research & Development,5,2,Technical Degree,3,Male,84,4,1,Laboratory Technician,3,Single,25470,0,No,14,1,0,2,1,6,1,1,1440,3500,Y,3,80,7,5,3,,L2 Employee,Contractor,Black,Accenture
No,0.92,3E+14,56,Travel_Rarely,1255,Research & Development,1,2,Life Sciences,1,Female,90,3,1,Research Scientist,1,Married,10494,2,No,22,4,1,3,4,3,1,1,1441,2066,Y,4,80,5,2,0,,Middle Management,Full Time,White ,N/A
No,1,3E+14,47,Travel_Rarely,359,Research & Development,2,4,Medical,1,Female,82,3,4,Research Director,3,Married,26703,3,No,19,2,2,2,4,20,5,1,1443,17169,Y,3,80,26,17,6,,L2 Employee,Full Time,Asian,N/A
No,0.82,3E+14,24,Travel_Rarely,1476,Sales,4,1,Medical,4,Female,42,3,2,Sales Executive,3,Married,15211,1,Yes,12,3,2,3,3,5,0,1,1445,4162,Y,3,80,5,4,3,,L2 Employee,Contractor,Asian,Accenture
No,0.95,3E+14,32,Travel_Rarely,601,Sales,7,5,Marketing,4,Male,97,3,2,Sales Executive,4,Married,23343,4,No,12,3,1,3,2,4,0,1,1446,9204,Y,3,80,7,3,3,,L2 Employee,Contractor,Black,Ernst & Young
No,0.85,3E+14,34,Travel_Rarely,401,Research & Development,1,3,Life Sciences,4,Female,86,2,1,Laboratory Technician,2,Married,3708,5,No,17,1,1,2,2,5,0,1,1447,3294,Y,3,80,7,4,2,,Middle Management,Full Time,Asian,N/A
No,0.75,3E+14,41,Travel_Rarely,1283,Research & Development,5,5,Medical,2,Male,90,4,1,Research Scientist,3,Married,5561,2,Yes,12,1,0,5,2,4,0,1,1448,2127,Y,3,80,7,2,3,,L1 Employee,Full Time,Asian,N/A
No,1,3E+14,40,Non-Travel,663,Research & Development,9,4,Other,3,Male,81,3,2,Laboratory Technician,3,Divorced,23099,3,No,11,3,2,2,4,8,0,1,1449,3975,Y,3,80,11,7,7,,L1 Employee,Contractor,White ,CGI
No,0.97,3E+14,31,Travel_Rarely,326,Sales,8,2,Life Sciences,1,Male,31,3,3,Sales Executive,4,Divorced,8386,1,No,18,1,1,5,3,13,9,1,1453,10793,Y,3,80,13,7,9,,L1 Employee,Contractor,Other,KPMG 
No,0.96,3E+14,46,Travel_Rarely,377,Sales,9,3,Marketing,1,Male,52,3,3,Sales Executive,4,Divorced,15986,4,No,11,1,1,1,4,7,4,1,1457,10096,Y,3,80,28,7,3,,Middle Management,Full Time,Black,N/A
Yes,0.59,3E+14,39,Non-Travel,592,Research & Development,2,3,Life Sciences,1,Female,54,2,1,Laboratory Technician,1,Single,17181,2,Yes,23,2,0,2,4,1,0,1,1458,3646,Y,4,80,11,0,0,,L2 Employee,Full Time,White ,N/A
No,0.97,3E+14,31,Travel_Frequently,1445,Research & Development,1,5,Life Sciences,3,Female,100,4,3,Manufacturing Director,2,Single,8931,1,No,11,1,0,2,3,10,4,1,1459,7446,Y,3,80,10,8,7,,L3 Employee,Contractor,Other,KPMG 
No,0.7,3E+14,45,Travel_Rarely,1038,Research & Development,20,3,Medical,2,Male,95,1,3,Healthcare Representative,1,Divorced,19863,2,Yes,18,2,1,2,3,7,0,1,1460,10851,Y,3,80,24,7,7,,L2 Employee,Full Time,Asian,N/A
No,0.72,3E+14,31,Travel_Rarely,1398,Human Resources,8,2,Medical,4,Female,96,4,1,Human Resources,2,Single,24609,9,No,18,4,0,3,3,3,0,1,1461,2109,Y,3,80,8,2,2,,L1 Employee,Contractor,White ,Deloitte
Yes,0.5,3E+14,31,Travel_Frequently,523,Research & Development,2,3,Life Sciences,2,Male,94,3,1,Laboratory Technician,4,Married,21081,6,Yes,13,3,1,2,1,2,2,1,1464,3722,Y,3,80,7,2,2,,Middle Management,Full Time,White ,N/A
No,0.87,3E+14,45,Travel_Rarely,1448,Research & Development,29,3,Technical Degree,2,Male,55,3,3,Manufacturing Director,4,Married,14720,4,Yes,18,4,2,4,4,3,1,1,1465,9380,Y,3,80,10,1,2,,Middle Management,Full Time,Black,N/A
No,0.98,3E+14,48,Travel_Rarely,1221,Sales,7,3,Marketing,3,Male,96,3,2,Sales Executive,1,Divorced,24795,4,No,11,1,3,3,3,2,2,1,1466,5486,Y,3,80,15,2,2,,L3 Employee,Contractor,White ,Ernst & Young
No,0.78,3E+14,34,Travel_Rarely,1107,Human Resources,9,4,Technical Degree,1,Female,52,3,1,Human Resources,3,Married,3072,1,No,15,4,0,0,3,2,2,1,1467,2742,Y,3,80,2,2,2,,Middle Management,Full Time,Asian,N/A
No,1,3E+14,40,Non-Travel,218,Research & Development,8,1,Medical,4,Male,55,2,3,Research Director,2,Divorced,25178,2,No,11,3,1,5,3,9,4,1,1468,13757,Y,3,80,16,8,8,,L1 Employee,Full Time,White ,N/A
No,0.78,3E+14,28,Travel_Rarely,866,Sales,5,3,Medical,4,Male,84,3,2,Sales Executive,1,Single,23490,0,No,18,4,0,4,3,5,1,1,1469,8463,Y,3,80,6,4,3,,L1 Employee,Full Time,White ,N/A
No,0.97,3E+14,44,Non-Travel,981,Research & Development,5,3,Life Sciences,3,Male,90,2,1,Laboratory Technician,3,Single,7973,3,No,14,4,0,5,3,5,0,1,1471,3162,Y,3,80,7,2,3,,L2 Employee,Contractor,Asian,IBM
No,0.97,3E+14,53,Travel_Rarely,447,Research & Development,2,3,Medical,4,Male,39,4,4,Research Director,2,Single,19764,4,No,12,2,0,2,2,9,8,1,1472,16598,Y,3,80,35,8,8,,L2 Employee,Full Time,Black,N/A
No,0.92,3E+14,49,Travel_Rarely,1495,Research & Development,5,4,Technical Degree,1,Male,96,3,2,Healthcare Representative,3,Married,21534,2,No,14,2,1,0,2,3,1,1,1473,6651,Y,3,80,20,2,2,,Middle Management,Full Time,Asian,N/A
No,0.98,3E+14,40,Travel_Rarely,896,Research & Development,2,3,Medical,3,Male,68,3,1,Research Scientist,3,Divorced,8045,2,No,14,3,1,3,4,3,1,1,1474,2345,Y,3,80,8,1,2,,L2 Employee,Full Time,White ,N/A
No,0.81,3E+14,44,Travel_Rarely,1467,Research & Development,20,3,Life Sciences,4,Male,49,3,1,Research Scientist,2,Single,21158,1,No,13,3,0,3,2,5,1,1,1475,3420,Y,3,80,6,2,3,,L2 Employee,Contractor,Asian,Congnizant
No,0.9,3E+14,33,Travel_Frequently,430,Sales,7,3,Medical,4,Male,54,3,2,Sales Executive,1,Married,17456,0,No,14,1,2,2,3,4,0,1,1477,4373,Y,3,80,5,3,3,,L2 Employee,Contractor,Other,Deloitte
No,0.55,3E+14,34,Travel_Rarely,1326,Sales,3,3,Other,4,Male,81,1,2,Sales Executive,1,Single,15891,3,No,18,4,0,2,3,13,3,1,1478,4759,Y,3,80,15,9,12,,L3 Employee,Contractor,Other,Accenture
No,0.86,3E+14,30,Travel_Rarely,1358,Sales,16,1,Life Sciences,4,Male,96,3,2,Sales Executive,3,Married,2939,8,No,15,3,2,2,2,2,2,1,1479,5301,Y,3,80,4,1,2,,L1 Employee,Full Time,White ,N/A
No,0.91,3E+14,42,Travel_Frequently,748,Research & Development,9,2,Medical,1,Female,74,3,1,Laboratory Technician,4,Single,16458,1,No,13,3,0,3,3,12,5,1,1480,3673,Y,3,80,12,9,8,,Middle Management,Full Time,Asian,N/A
No,0.89,3E+14,44,Travel_Frequently,383,Sales,1,5,Marketing,1,Female,79,3,2,Sales Executive,3,Married,9282,7,No,12,3,1,4,2,1,0,1,1481,4768,Y,3,80,11,0,0,,L1 Employee,Full Time,White ,N/A
No,0.98,3E+14,30,Non-Travel,990,Research & Development,7,3,Technical Degree,3,Male,64,3,1,Research Scientist,3,Divorced,7152,1,No,13,2,2,2,2,1,0,1,1482,1274,Y,3,80,1,0,0,,L1 Employee,Contractor,White ,Deloitte
No,0.97,3E+14,57,Travel_Rarely,405,Research & Development,1,2,Life Sciences,2,Male,93,4,2,Research Scientist,3,Married,2721,0,No,24,1,1,2,2,12,2,1,1483,4900,Y,4,80,13,9,8,,L2 Employee,Full Time,Black,N/A
No,1,3E+14,49,Travel_Rarely,1490,Research & Development,7,4,Life Sciences,3,Male,35,3,3,Healthcare Representative,2,Divorced,20948,3,No,14,2,2,3,3,8,0,1,1484,10466,Y,3,80,29,7,7,,Middle Management,Full Time,Black,N/A
No,0.99,3E+14,34,Travel_Frequently,829,Research & Development,15,3,Medical,2,Male,71,3,4,Research Director,1,Divorced,11929,7,No,14,4,2,3,2,14,6,1,1485,17007,Y,3,80,16,8,9,,L1 Employee,Contractor,Black,Accenture
No,0.77,3E+14,28,Travel_Frequently,1496,Sales,1,3,Technical Degree,1,Male,92,3,1,Sales Representative,3,Married,15747,3,No,15,4,1,3,4,3,1,1,1486,2909,Y,3,80,5,2,2,,L1 Employee,Full Time,Asian,N/A
Yes,0.87,3E+14,29,Travel_Frequently,115,Sales,13,3,Technical Degree,1,Female,51,3,2,Sales Executive,2,Single,17485,5,No,11,1,0,4,1,5,0,1,1487,5765,Y,3,80,7,3,0,,Middle Management,Full Time,White ,N/A
Yes,0.86,3E+14,34,Travel_Rarely,790,Sales,24,4,Medical,1,Female,40,2,2,Sales Executive,2,Single,7815,0,Yes,23,3,0,2,4,15,10,1,1489,4599,Y,4,80,16,9,10,,L3 Employee,Contractor,White ,HP
No,0.86,3E+14,35,Travel_Rarely,660,Sales,7,1,Life Sciences,4,Male,76,3,1,Sales Representative,3,Married,16192,1,No,13,1,1,3,3,1,0,1,1492,2404,Y,3,80,1,0,0,,L2 Employee,Contractor,White ,Congnizant
Yes,0.84,3E+14,24,Travel_Frequently,381,Research & Development,9,3,Medical,2,Male,89,3,1,Laboratory Technician,1,Single,16998,2,Yes,11,3,0,2,2,0,0,1,1494,3172,Y,3,80,4,0,0,,L1 Employee,Full Time,Other,N/A
No,0.92,3E+14,24,Non-Travel,830,Sales,13,2,Life Sciences,4,Female,78,3,1,Sales Representative,2,Married,7103,1,No,13,3,1,2,3,1,0,1,1495,2033,Y,3,80,1,0,0,,L2 Employee,Contractor,White ,HP
No,0.71,3E+14,44,Travel_Frequently,1193,Research & Development,2,1,Medical,2,Male,86,3,3,Manufacturing Director,3,Single,19719,5,Yes,18,2,0,2,2,2,2,1,1496,10209,Y,3,80,16,2,2,,Middle Management,Full Time,Asian,N/A
No,0.96,3E+14,29,Travel_Rarely,1246,Sales,19,3,Life Sciences,3,Male,77,2,2,Sales Executive,3,Divorced,23757,1,No,14,3,2,3,3,10,0,1,1497,8620,Y,3,80,10,7,4,,L1 Employee,Full Time,White ,N/A
No,0.95,3E+14,30,Travel_Rarely,330,Human Resources,1,3,Life Sciences,3,Male,46,3,1,Human Resources,3,Divorced,15428,0,No,21,1,1,3,4,5,1,1,1499,2064,Y,4,80,6,3,3,,Middle Management,Full Time,White ,N/A
No,0.89,3E+14,55,Travel_Rarely,1229,Research & Development,4,4,Life Sciences,4,Male,30,3,2,Healthcare Representative,3,Married,16143,0,Yes,16,2,0,2,3,3,1,1,1501,4035,Y,3,80,4,2,2,,Middle Management,Full Time,White ,N/A
No,0.76,3E+14,33,Travel_Rarely,1099,Research & Development,4,4,Medical,1,Female,82,2,1,Laboratory Technician,2,Married,8192,8,No,11,4,0,5,3,5,0,1,1502,3838,Y,3,80,8,4,2,,Middle Management,Full Time,White ,N/A
No,0.8,3E+14,47,Travel_Rarely,571,Sales,14,3,Medical,3,Female,78,3,2,Sales Executive,3,Married,24200,3,Yes,17,3,1,4,2,5,1,1,1503,4591,Y,3,80,11,4,2,,Middle Management,Full Time,Asian,N/A
Yes,0.67,3E+14,28,Travel_Frequently,289,Research & Development,2,2,Medical,3,Male,38,2,1,Laboratory Technician,1,Single,5355,7,No,11,3,0,2,2,0,0,1,1504,2561,Y,3,80,8,0,0,,Middle Management,Full Time,Other,N/A
No,0.75,3E+14,28,Travel_Rarely,1423,Research & Development,1,3,Life Sciences,1,Male,72,2,1,Research Scientist,3,Divorced,12530,1,No,14,4,1,2,1,1,0,1,1506,1563,Y,3,80,1,0,0,,L2 Employee,Contractor,Black,HP
No,0.78,3E+14,28,Travel_Frequently,467,Sales,7,3,Life Sciences,3,Male,55,3,2,Sales Executive,1,Single,11827,0,No,14,4,0,5,3,4,1,1,1507,4898,Y,3,80,5,2,3,,L3 Employee,Contractor,White ,Congnizant
No,0.91,3E+14,49,Travel_Rarely,271,Research & Development,3,2,Medical,3,Female,43,2,2,Laboratory Technician,1,Married,23070,4,No,25,1,1,3,3,3,1,1,1509,4789,Y,4,80,10,2,2,,L1 Employee,Contractor,Black,Deloitte
No,0.98,3E+14,29,Travel_Frequently,410,Research & Development,2,1,Life Sciences,4,Female,97,3,1,Laboratory Technician,2,Married,4668,0,No,13,3,3,3,3,3,0,1,1513,3180,Y,3,80,4,2,2,,Middle Management,Full Time,White ,N/A
No,0.62,3E+14,28,Travel_Rarely,1083,Research & Development,29,1,Life Sciences,3,Male,96,1,2,Manufacturing Director,2,Married,3173,1,No,14,2,2,2,2,8,1,1,1514,6549,Y,3,80,8,6,7,,Middle Management,Full Time,White ,N/A
No,0.73,3E+14,33,Travel_Rarely,516,Research & Development,8,5,Life Sciences,4,Male,69,3,2,Healthcare Representative,3,Single,22049,2,Yes,17,1,0,6,3,0,0,1,1515,6388,Y,3,80,14,0,0,,Middle Management,Full Time,Black,N/A
No,0.96,3E+14,32,Travel_Rarely,495,Research & Development,10,3,Medical,3,Male,64,3,3,Manager,4,Single,21072,2,No,25,2,0,5,4,5,0,1,1516,11244,Y,4,80,10,2,0,,L1 Employee,Full Time,White ,N/A
No,1,3E+14,54,Travel_Frequently,1050,Research & Development,11,4,Medical,2,Female,87,3,4,Manager,4,Divorced,24456,3,No,20,1,1,2,3,14,1,1,1520,16032,Y,4,80,26,9,12,,L1 Employee,Contractor,Asian,KPMG 
Yes,0.89,3E+14,29,Travel_Rarely,224,Research & Development,1,4,Technical Degree,1,Male,100,2,1,Research Scientist,1,Single,7568,6,No,13,3,0,2,1,9,0,1,1522,2362,Y,3,80,11,7,7,,L2 Employee,Full Time,White ,N/A
No,0.96,3E+14,44,Travel_Rarely,136,Research & Development,28,3,Life Sciences,4,Male,32,3,4,Research Director,1,Married,22074,3,No,13,3,1,1,4,20,14,1,1523,16328,Y,3,80,24,6,17,,L1 Employee,Contractor,Black,HP
No,0.94,3E+14,39,Travel_Rarely,1089,Research & Development,6,3,Life Sciences,2,Female,32,3,3,Manufacturing Director,2,Single,9150,4,No,18,4,0,3,3,2,2,1,1525,8376,Y,3,80,9,0,2,,L1 Employee,Full Time,Black,N/A
No,0.99,3E+14,46,Travel_Rarely,228,Sales,3,3,Life Sciences,3,Female,51,3,4,Manager,2,Married,11380,8,No,12,4,1,2,4,13,5,1,1527,16606,Y,3,80,23,12,1,,L2 Employee,Contractor,Other,Accenture
No,0.83,3E+14,35,Travel_Rarely,1029,Research & Development,16,3,Life Sciences,4,Female,91,2,3,Healthcare Representative,2,Single,21195,1,No,19,4,0,3,1,11,3,1,1529,8606,Y,3,80,11,8,3,,L1 Employee,Contractor,White ,Ernst & Young
No,0.53,3E+14,23,Travel_Rarely,507,Research & Development,20,1,Life Sciences,1,Male,97,3,2,Laboratory Technician,3,Single,24812,0,No,14,2,0,2,3,4,1,1,1533,2272,Y,3,80,5,3,2,,L1 Employee,Full Time,Asian,N/A
No,0.62,3E+14,40,Travel_Rarely,676,Research & Development,9,4,Life Sciences,4,Male,86,3,1,Laboratory Technician,1,Single,21831,3,No,14,2,0,3,1,5,1,1,1534,2018,Y,3,80,15,4,0,,L2 Employee,Contractor,White ,KPMG 
No,0.72,3E+14,34,Travel_Rarely,971,Sales,1,3,Technical Degree,4,Male,64,2,3,Sales Executive,3,Married,12288,1,Yes,14,4,0,3,3,10,8,1,1535,7083,Y,3,80,10,9,6,,L1 Employee,Contractor,White ,Congnizant
No,0.64,3E+14,31,Travel_Frequently,561,Research & Development,3,3,Life Sciences,4,Female,33,3,1,Research Scientist,3,Single,4156,1,No,12,1,0,2,1,7,7,1,1537,4084,Y,3,80,7,2,7,,L1 Employee,Contractor,White ,Accenture
No,0.78,3E+14,50,Travel_Frequently,333,Research & Development,22,5,Medical,3,Male,88,1,4,Research Director,4,Single,24450,1,Yes,13,4,0,2,3,32,13,1,1539,14411,Y,3,80,32,6,9,,L1 Employee,Full Time,White ,N/A
No,0.67,3E+14,34,Travel_Rarely,1440,Sales,7,2,Technical Degree,2,Male,55,3,1,Sales Representative,3,Married,4944,0,Yes,25,2,1,4,3,11,5,1,1541,2308,Y,4,80,12,10,7,,L1 Employee,Full Time,Black,N/A
No,0.91,3E+14,42,Travel_Rarely,1210,Research & Development,2,3,Medical,3,Male,68,2,1,Laboratory Technician,2,Married,24052,4,No,14,2,1,3,3,1,0,1,1542,4841,Y,3,80,4,0,0,,L1 Employee,Contractor,White ,Congnizant
No,0.89,3E+14,37,Travel_Rarely,674,Research & Development,13,3,Medical,1,Male,47,3,2,Research Scientist,4,Married,3031,1,No,17,1,0,2,3,10,3,1,1543,4285,Y,3,80,10,8,7,,Middle Management,Full Time,Asian,N/A
No,0.67,3E+14,29,Travel_Rarely,441,Research & Development,8,1,Other,3,Female,39,1,2,Healthcare Representative,1,Married,7288,3,No,13,3,1,3,3,7,0,1,1544,9715,Y,3,80,9,7,7,,Middle Management,Full Time,White ,N/A
No,0.67,3E+14,33,Travel_Rarely,575,Research & Development,25,3,Life Sciences,4,Male,44,2,2,Manufacturing Director,2,Single,24152,1,No,13,4,0,2,3,5,0,1,1545,4320,Y,3,80,5,3,2,,L1 Employee,Full Time,Black,N/A
No,0.93,3E+14,45,Travel_Rarely,950,Research & Development,28,3,Technical Degree,4,Male,97,3,1,Research Scientist,4,Married,4585,4,No,20,4,1,3,3,5,0,1,1546,2132,Y,4,80,8,4,3,,L3 Employee,Contractor,Asian,Congnizant
No,0.91,3E+14,42,Travel_Frequently,288,Research & Development,2,3,Life Sciences,4,Male,40,3,3,Healthcare Representative,4,Married,18611,2,Yes,14,3,1,3,1,20,13,1,1547,10124,Y,3,80,24,8,9,,L1 Employee,Contractor,Other,IBM
No,0.82,3E+14,40,Travel_Rarely,1342,Sales,9,2,Medical,1,Male,47,3,2,Sales Executive,1,Married,19345,0,No,12,4,0,5,4,8,7,1,1548,5473,Y,3,80,9,4,1,,L1 Employee,Contractor,Black,Congnizant
No,0.75,3E+14,33,Travel_Rarely,589,Research & Development,28,4,Life Sciences,2,Male,79,3,2,Laboratory Technician,3,Married,22949,1,Yes,12,2,1,3,3,15,5,1,1549,5207,Y,3,80,15,14,7,,L1 Employee,Full Time,Other,N/A
No,0.96,3E+14,40,Travel_Rarely,898,Human Resources,6,2,Medical,3,Male,38,3,4,Manager,4,Single,17381,1,Yes,21,4,0,2,3,21,7,1,1550,16437,Y,4,80,21,7,7,,L1 Employee,Full Time,Asian,N/A
No,0.8,3E+14,24,Travel_Rarely,350,Research & Development,21,2,Technical Degree,3,Male,57,2,1,Laboratory Technician,1,Divorced,10036,0,No,14,2,3,3,3,1,0,1,1551,2296,Y,3,80,2,1,0,,L1 Employee,Contractor,Asian,CGI
No,0.98,3E+14,40,Non-Travel,1142,Research & Development,8,2,Life Sciences,4,Male,72,3,2,Healthcare Representative,4,Divorced,8841,3,Yes,18,3,0,2,3,2,2,1,1552,4069,Y,3,80,8,2,2,,L1 Employee,Contractor,White ,Deloitte
No,0.99,3E+14,45,Travel_Rarely,538,Research & Development,1,4,Technical Degree,1,Male,66,3,3,Healthcare Representative,2,Divorced,20933,1,No,12,1,3,4,3,10,7,1,1553,7441,Y,3,80,10,8,7,,L1 Employee,Contractor,Black,Ernst & Young
No,0.86,3E+14,35,Travel_Rarely,1402,Sales,28,4,Life Sciences,2,Female,98,2,1,Sales Representative,3,Married,26204,0,No,23,1,2,5,3,5,4,1,1554,2430,Y,4,80,6,3,2,,L1 Employee,Contractor,Asian,Deloitte
No,0.9,3E+14,32,Travel_Rarely,824,Research & Development,5,2,Life Sciences,4,Female,67,2,2,Research Scientist,2,Married,15624,3,No,12,1,1,2,3,7,2,1,1555,5878,Y,3,80,12,1,5,,L1 Employee,Full Time,Asian,N/A
No,0.55,3E+14,36,Travel_Rarely,1157,Sales,2,4,Life Sciences,3,Male,70,3,1,Sales Representative,4,Single,17001,3,Yes,21,4,0,3,2,3,1,1,1556,2644,Y,4,80,7,2,2,,Middle Management,Full Time,White ,N/A
No,0.97,3E+14,48,Travel_Rarely,492,Sales,16,4,Life Sciences,3,Female,96,3,2,Sales Executive,3,Divorced,13693,8,No,14,3,1,2,3,8,7,1,1557,6439,Y,3,80,18,7,7,,L3 Employee,Contractor,Asian,Congnizant
No,0.88,3E+14,29,Travel_Rarely,598,Research & Development,9,3,Life Sciences,3,Male,91,4,1,Research Scientist,3,Married,22376,6,No,18,1,2,2,2,1,0,1,1558,2451,Y,3,80,5,0,0,,L1 Employee,Contractor,White ,IBM
No,0.72,3E+14,33,Travel_Rarely,1242,Sales,8,4,Life Sciences,1,Male,46,3,2,Sales Executive,1,Married,10589,2,No,13,4,1,6,1,2,2,1,1560,6392,Y,3,80,8,2,2,,L1 Employee,Contractor,Black,Ernst & Young
No,0.85,3E+14,30,Travel_Rarely,740,Sales,1,3,Life Sciences,2,Male,64,2,2,Sales Executive,1,Married,5323,1,No,11,4,1,4,3,10,6,1,1562,9714,Y,3,80,10,8,7,,L3 Employee,Full Time,Asian,N/A
No,0.95,3E+14,38,Travel_Frequently,888,Human Resources,10,4,Human Resources,3,Male,71,3,2,Human Resources,3,Married,14814,3,No,11,3,0,2,3,6,1,1,1563,6077,Y,3,80,10,3,2,,L3 Employee,Contractor,White ,IBM
No,0.74,3E+14,35,Travel_Rarely,992,Research & Development,1,3,Medical,4,Male,68,2,1,Laboratory Technician,1,Single,21731,1,No,19,2,0,3,3,3,1,1,1564,2450,Y,3,80,3,0,2,,Middle Management,Full Time,Black,N/A
No,0.81,3E+14,30,Travel_Rarely,1288,Sales,29,4,Technical Degree,3,Male,33,3,3,Sales Executive,2,Married,17799,3,No,12,2,1,3,3,4,1,1,1568,9250,Y,3,80,9,2,3,,Middle Management,Full Time,Asian,N/A
No,0.69,3E+14,35,Travel_Rarely,104,Research & Development,2,3,Life Sciences,1,Female,69,3,1,Laboratory Technician,1,Divorced,26619,1,Yes,12,4,1,2,3,1,0,1,1569,2074,Y,3,80,1,0,0,,L2 Employee,Full Time,Black,N/A
No,0.99,3E+14,53,Travel_Rarely,607,Research & Development,2,5,Technical Degree,3,Female,78,2,3,Manufacturing Director,4,Married,14618,0,No,16,2,1,4,3,33,1,1,1572,10169,Y,3,80,34,7,9,,L2 Employee,Full Time,Asian,N/A
No,0.97,3E+14,38,Travel_Rarely,903,Research & Development,2,3,Medical,3,Male,81,3,2,Manufacturing Director,2,Married,7653,4,No,11,1,2,2,3,5,1,1,1573,4855,Y,3,80,7,2,4,,L1 Employee,Full Time,White ,N/A
No,0.96,3E+14,32,Non-Travel,1200,Research & Development,1,4,Technical Degree,4,Male,62,3,2,Research Scientist,1,Married,25174,4,No,14,2,1,3,2,6,1,1,1574,4087,Y,3,80,9,5,2,,Middle Management,Full Time,White ,N/A
No,0.85,3E+14,48,Travel_Rarely,1108,Research & Development,15,4,Other,3,Female,65,3,1,Research Scientist,1,Married,16530,8,No,12,4,1,3,2,8,7,1,1576,2367,Y,3,80,10,2,6,,L1 Employee,Full Time,White ,N/A
No,0.51,3E+14,34,Travel_Rarely,479,Research & Development,7,4,Medical,1,Male,35,3,1,Research Scientist,4,Single,22061,1,No,13,3,0,4,1,1,0,1,1577,2972,Y,3,80,1,0,0,,Middle Management,Full Time,Asian,N/A
No,1,3E+14,55,Travel_Rarely,685,Sales,26,5,Marketing,3,Male,60,2,5,Manager,4,Married,23037,1,No,21,3,1,3,3,36,2,1,1578,19586,Y,4,80,36,6,13,,L1 Employee,Full Time,Asian,N/A
No,0.9,3E+14,34,Travel_Rarely,1351,Research & Development,1,4,Life Sciences,2,Male,45,3,2,Research Scientist,4,Married,13008,9,No,17,2,1,3,2,2,2,1,1580,5484,Y,3,80,9,2,1,,L2 Employee,Full Time,Other,N/A
No,0.85,3E+14,26,Travel_Rarely,474,Research & Development,3,3,Life Sciences,1,Female,89,3,1,Research Scientist,4,Married,11133,1,No,21,1,0,5,3,1,0,1,1581,2061,Y,4,80,1,0,0,,Middle Management,Full Time,White ,N/A
No,0.95,3E+14,38,Travel_Rarely,1245,Sales,14,3,Life Sciences,3,Male,80,3,2,Sales Executive,2,Married,12355,0,No,11,4,1,3,3,9,7,1,1582,9924,Y,3,80,10,8,7,,L1 Employee,Contractor,White ,HP
No,0.74,3E+14,38,Travel_Rarely,437,Sales,16,3,Life Sciences,2,Female,90,3,2,Sales Executive,2,Single,16379,2,No,12,2,0,5,4,3,1,1,1583,4198,Y,3,80,8,2,2,,L1 Employee,Contractor,White ,Ernst & Young
No,0.78,3E+14,36,Travel_Rarely,884,Sales,1,4,Life Sciences,2,Female,73,3,2,Sales Executive,3,Single,21447,6,No,13,1,0,5,3,1,0,1,1585,6815,Y,3,80,15,0,0,,L2 Employee,Contractor,Black,HP
Yes,0.51,3E+14,29,Travel_Rarely,1370,Research & Development,3,1,Medical,2,Male,87,3,1,Laboratory Technician,1,Single,16213,1,Yes,18,4,0,3,3,10,1,1,1586,4723,Y,3,80,10,9,5,,Middle Management,Full Time,Other,N/A
No,0.58,3E+14,35,Travel_Rarely,670,Research & Development,10,4,Medical,1,Female,51,3,2,Healthcare Representative,3,Single,4223,3,Yes,16,3,0,4,3,5,0,1,1587,6142,Y,3,80,10,2,4,,Middle Management,Full Time,White ,N/A
No,0.98,3E+14,39,Travel_Rarely,1462,Sales,6,3,Medical,4,Male,38,4,3,Sales Executive,3,Married,4658,2,No,11,1,1,3,3,7,7,1,1588,8237,Y,3,80,11,6,6,,L1 Employee,Full Time,Black,N/A
No,0.98,3E+14,29,Travel_Frequently,995,Research & Development,2,1,Life Sciences,1,Male,87,3,2,Healthcare Representative,4,Divorced,24483,1,No,19,4,1,0,4,6,1,1,1590,8853,Y,3,80,6,4,3,,L2 Employee,Full Time,Black,N/A
No,0.98,3E+14,50,Travel_Rarely,264,Sales,9,3,Marketing,3,Male,59,3,5,Manager,3,Married,19519,4,Yes,16,3,1,2,3,1,0,1,1591,19331,Y,3,80,27,0,0,,Middle Management,Full Time,Asian,N/A
No,0.88,3E+14,23,Travel_Rarely,977,Research & Development,10,3,Technical Degree,4,Male,45,4,1,Research Scientist,3,Married,12826,2,No,16,4,1,2,3,2,2,1,1592,2073,Y,3,80,4,2,2,,Middle Management,Full Time,Black,N/A
No,0.77,3E+14,36,Travel_Frequently,1302,Research & Development,6,4,Life Sciences,1,Male,80,4,2,Laboratory Technician,1,Married,19711,3,Yes,13,4,1,3,3,3,0,1,1594,5562,Y,3,80,9,2,2,,L1 Employee,Contractor,Asian,Deloitte
No,0.98,3E+14,42,Travel_Rarely,1059,Research & Development,9,2,Other,4,Male,93,2,5,Manager,4,Single,26362,8,No,22,4,0,2,3,1,0,1,1595,19613,Y,4,80,24,0,1,,L2 Employee,Contractor,White ,Congnizant
No,0.95,3E+14,35,Travel_Rarely,750,Research & Development,28,3,Life Sciences,2,Male,46,4,2,Laboratory Technician,3,Married,25348,1,No,17,4,2,3,2,10,6,1,1596,3407,Y,3,80,10,9,8,,L2 Employee,Full Time,Other,N/A
No,0.92,3E+14,34,Travel_Frequently,653,Research & Development,10,4,Technical Degree,4,Male,92,2,2,Healthcare Representative,3,Married,15332,1,No,14,2,1,3,2,8,7,1,1597,5063,Y,3,80,8,2,7,,L1 Employee,Full Time,Asian,N/A
No,0.91,3E+14,40,Travel_Rarely,118,Sales,14,2,Life Sciences,4,Female,84,3,2,Sales Executive,1,Married,11262,1,No,15,3,1,2,3,5,1,1,1598,4639,Y,3,80,5,4,2,,L1 Employee,Contractor,Black,Congnizant
No,0.94,3E+14,43,Travel_Rarely,990,Research & Development,27,3,Technical Degree,4,Male,87,4,1,Laboratory Technician,2,Divorced,5855,5,No,12,3,1,0,3,6,0,1,1599,4876,Y,3,80,8,4,2,,Middle Management,Full Time,Black,N/A
No,0.95,3E+14,35,Travel_Rarely,1349,Research & Development,7,2,Life Sciences,3,Male,63,2,1,Laboratory Technician,4,Married,7713,1,No,18,4,1,5,2,1,0,1,1601,2690,Y,3,80,1,0,1,,L2 Employee,Full Time,White ,N/A
No,0.97,3E+14,46,Travel_Rarely,563,Sales,1,4,Life Sciences,4,Male,56,4,4,Manager,1,Single,3156,1,No,15,2,0,5,1,26,0,1,1602,17567,Y,3,80,27,0,12,,Middle Management,Full Time,Asian,N/A
No,0.71,3E+14,28,Travel_Rarely,329,Research & Development,24,3,Medical,3,Male,51,3,1,Laboratory Technician,2,Married,7324,1,Yes,17,3,3,3,3,1,0,1,1604,2408,Y,3,80,1,1,0,,L2 Employee,Full Time,Black,N/A
Yes,0.72,3E+14,22,Non-Travel,457,Research & Development,26,2,Other,2,Female,85,2,1,Research Scientist,3,Married,10293,1,Yes,14,2,0,2,2,4,1,1,1605,2814,Y,3,80,4,2,3,,L1 Employee,Full Time,White ,N/A
No,0.98,3E+14,50,Travel_Frequently,1234,Research & Development,20,5,Medical,2,Male,41,3,4,Healthcare Representative,3,Married,20689,2,Yes,15,3,1,3,3,30,12,1,1606,11245,Y,3,80,32,8,13,,L1 Employee,Full Time,White ,N/A
No,0.97,3E+14,32,Travel_Rarely,634,Research & Development,5,4,Other,2,Female,35,4,1,Research Scientist,4,Married,18783,3,No,17,4,2,3,3,3,0,1,1607,3312,Y,3,80,6,2,2,,Middle Management,Full Time,White ,N/A
No,1,3E+14,44,Travel_Rarely,1313,Research & Development,7,3,Medical,2,Female,31,3,5,Research Director,4,Divorced,3549,0,Yes,14,4,1,4,2,22,1,1,1608,19049,Y,3,80,23,7,10,,Middle Management,Full Time,Asian,N/A
No,0.74,3E+14,30,Travel_Rarely,241,Research & Development,7,3,Medical,2,Male,48,2,1,Research Scientist,2,Married,5348,1,No,12,2,1,3,2,6,1,1,1609,2141,Y,3,80,6,4,1,,L3 Employee,Full Time,Other,N/A
Yes,0.67,3E+14,45,Travel_Rarely,1015,Research & Development,5,5,Medical,3,Female,50,1,2,Laboratory Technician,1,Single,23447,1,Yes,14,1,0,3,3,10,1,1,1611,5769,Y,3,80,10,7,4,,L1 Employee,Full Time,White ,N/A
No,0.79,3E+14,45,Non-Travel,336,Sales,26,3,Marketing,1,Male,52,2,2,Sales Executive,1,Married,24162,1,No,15,1,1,2,3,10,4,1,1612,4385,Y,3,80,10,7,5,,L1 Employee,Contractor,White ,Ernst & Young
No,0.67,3E+14,31,Travel_Frequently,715,Sales,2,4,Other,4,Male,54,3,2,Sales Executive,1,Single,21602,7,No,13,4,0,3,3,5,0,1,1613,5332,Y,3,80,10,2,3,,L2 Employee,Full Time,Other,N/A
No,0.78,3E+14,36,Travel_Rarely,559,Research & Development,12,4,Life Sciences,3,Female,76,3,2,Manufacturing Director,3,Married,12421,9,Yes,12,2,2,2,3,3,1,1,1614,4663,Y,3,80,7,2,1,,L1 Employee,Full Time,White ,N/A
No,0.99,3E+14,34,Travel_Frequently,426,Research & Development,10,4,Life Sciences,3,Male,42,4,2,Manufacturing Director,4,Divorced,17000,1,No,13,1,1,3,3,9,7,1,1615,4724,Y,3,80,9,7,2,,L1 Employee,Full Time,White ,N/A
No,0.92,3E+14,49,Travel_Rarely,722,Research & Development,25,4,Life Sciences,3,Female,84,3,1,Laboratory Technician,1,Married,22102,1,No,14,4,1,3,2,9,1,1,1617,3211,Y,3,80,10,6,4,,L2 Employee,Full Time,Asian,N/A
No,0.98,3E+14,39,Travel_Rarely,1387,Research & Development,10,5,Medical,2,Male,76,3,2,Manufacturing Director,1,Married,3835,2,No,13,4,3,3,3,7,7,1,1618,5377,Y,3,80,10,7,7,,L2 Employee,Full Time,White ,N/A
No,0.89,3E+14,27,Travel_Rarely,1302,Research & Development,19,3,Other,4,Male,67,2,1,Laboratory Technician,1,Divorced,16290,1,No,11,1,2,3,3,7,0,1,1619,4066,Y,3,80,7,7,7,,Middle Management,Full Time,White ,N/A
No,0.91,3E+14,35,Travel_Rarely,819,Research & Development,18,5,Life Sciences,2,Male,48,4,2,Research Scientist,1,Married,26312,1,No,11,4,0,2,3,16,1,1,1621,5208,Y,3,80,16,15,10,,Middle Management,Full Time,White ,N/A
No,0.65,3E+14,28,Travel_Rarely,580,Research & Development,27,3,Medical,2,Female,39,1,2,Manufacturing Director,1,Divorced,20460,0,No,21,2,1,5,2,5,0,1,1622,4877,Y,4,80,6,3,0,,L3 Employee,Full Time,Asian,N/A
No,0.75,3E+14,21,Travel_Rarely,546,Research & Development,5,1,Medical,3,Male,97,3,1,Research Scientist,4,Single,26009,1,No,18,3,0,2,3,2,2,1,1623,3117,Y,3,80,3,2,2,,L1 Employee,Contractor,White ,IBM
Yes,0.84,3E+14,18,Travel_Frequently,544,Sales,3,2,Medical,2,Female,70,3,1,Sales Representative,4,Single,18420,1,Yes,12,3,0,2,4,0,0,1,1624,1569,Y,3,80,0,0,0,,L1 Employee,Contractor,Black,Congnizant
No,1,3E+14,47,Travel_Rarely,1176,Human Resources,26,4,Life Sciences,4,Female,98,3,5,Manager,3,Married,5220,3,No,11,3,1,2,3,5,1,1,1625,19658,Y,3,80,27,2,0,,L1 Employee,Full Time,Asian,N/A
No,0.98,3E+14,39,Travel_Rarely,170,Research & Development,3,2,Medical,3,Male,76,2,2,Laboratory Technician,3,Divorced,10302,0,No,15,4,1,3,3,10,0,1,1627,3069,Y,3,80,11,8,7,,Middle Management,Full Time,Black,N/A
No,0.96,3E+14,40,Travel_Rarely,884,Research & Development,15,3,Life Sciences,1,Female,80,2,3,Manufacturing Director,3,Married,25800,1,No,13,4,2,2,3,18,14,1,1628,10435,Y,3,80,18,15,12,,L3 Employee,Contractor,White ,Congnizant
No,1,3E+14,35,Non-Travel,208,Research & Development,8,4,Life Sciences,3,Female,52,3,2,Healthcare Representative,3,Married,12250,1,No,12,4,1,5,3,14,2,1,1630,4148,Y,3,80,15,11,9,,L1 Employee,Full Time,Black,N/A
No,0.96,3E+14,37,Travel_Rarely,671,Research & Development,19,3,Life Sciences,3,Male,85,3,2,Manufacturing Director,3,Married,26493,3,No,17,1,3,2,2,4,0,1,1631,5768,Y,3,80,9,3,2,,L1 Employee,Full Time,Black,N/A
No,0.76,3E+14,39,Travel_Frequently,711,Research & Development,4,3,Medical,1,Female,81,3,2,Manufacturing Director,3,Single,3140,0,No,13,4,0,2,1,9,3,1,1633,5042,Y,3,80,10,2,8,,Middle Management,Full Time,Asian,N/A
No,0.99,3E+14,45,Travel_Rarely,1329,Research & Development,2,2,Other,4,Female,59,2,2,Manufacturing Director,4,Divorced,5388,1,No,19,1,2,3,3,10,3,1,1635,5770,Y,3,80,10,7,9,,L1 Employee,Contractor,Black,HP
No,0.94,3E+14,38,Travel_Rarely,397,Research & Development,2,2,Medical,4,Female,54,2,3,Manufacturing Director,3,Married,14199,3,Yes,19,4,1,6,4,5,0,1,1638,7756,Y,3,80,10,4,2,,L1 Employee,Contractor,Asian,CGI
No,0.79,3E+14,35,Travel_Rarely,737,Sales,10,3,Medical,4,Male,55,2,3,Sales Executive,1,Married,21530,9,No,17,3,0,3,3,13,6,1,1639,10306,Y,3,80,15,12,0,,Middle Management,Full Time,Asian,N/A
No,0.77,3E+14,37,Travel_Rarely,1470,Research & Development,10,3,Medical,2,Female,71,3,1,Research Scientist,2,Married,9953,1,No,11,1,1,2,1,8,7,1,1640,3936,Y,3,80,8,4,7,,Middle Management,Full Time,White ,N/A
No,0.73,3E+14,40,Travel_Rarely,448,Research & Development,16,3,Life Sciences,3,Female,84,3,3,Manufacturing Director,4,Single,19948,6,Yes,15,4,0,2,2,4,3,1,1641,7945,Y,3,80,18,2,3,,Middle Management,Full Time,Asian,N/A
No,0.8,3E+14,44,Travel_Frequently,602,Human Resources,1,5,Human Resources,1,Male,37,3,2,Human Resources,4,Married,10503,4,Yes,11,3,0,3,3,10,0,1,1642,5743,Y,3,80,14,7,2,,Middle Management,Full Time,Asian,N/A
No,1,3E+14,48,Travel_Frequently,365,Research & Development,4,5,Medical,3,Male,89,2,4,Manager,4,Married,5602,2,No,25,2,1,3,3,2,2,1,1644,15202,Y,4,80,23,2,2,,L1 Employee,Contractor,Asian,Accenture
Yes,0.68,3E+14,35,Travel_Rarely,763,Sales,15,2,Medical,1,Male,59,1,2,Sales Executive,4,Divorced,22098,6,Yes,14,4,2,2,2,2,2,1,1645,5440,Y,3,80,7,2,2,,L2 Employee,Contractor,Black,HP
Yes,0.74,3E+14,24,Travel_Frequently,567,Research & Development,2,1,Technical Degree,1,Female,32,3,1,Research Scientist,4,Single,17218,1,Yes,13,3,0,2,3,6,1,1,1646,3760,Y,3,80,6,3,3,,Middle Management,Full Time,Other,N/A
No,0.73,3E+14,27,Travel_Rarely,486,Research & Development,8,3,Medical,2,Female,86,4,1,Research Scientist,3,Married,22490,7,No,17,1,0,0,3,3,0,1,1647,3517,Y,3,80,5,2,2,,L3 Employee,Full Time,Black,N/A
No,0.84,3E+14,27,Travel_Frequently,591,Research & Development,2,3,Medical,4,Male,87,3,1,Research Scientist,4,Single,6297,2,No,13,3,0,0,2,4,1,1,1648,2580,Y,3,80,6,2,2,,L1 Employee,Full Time,Asian,N/A
Yes,0.87,3E+14,40,Travel_Rarely,1329,Research & Development,7,3,Life Sciences,1,Male,73,3,1,Laboratory Technician,1,Single,3339,3,Yes,14,2,0,3,1,4,0,1,1649,2166,Y,3,80,10,2,3,,L2 Employee,Contractor,White ,Accenture
Yes,0.6,3E+14,29,Travel_Rarely,469,Sales,10,3,Medical,3,Male,42,2,2,Sales Executive,3,Single,23413,9,No,11,3,0,2,3,5,1,1,1650,5869,Y,3,80,8,2,4,,L1 Employee,Full Time,White ,N/A
No,0.99,3E+14,36,Travel_Rarely,711,Research & Development,5,4,Life Sciences,2,Female,42,3,3,Healthcare Representative,1,Married,22792,4,No,12,3,2,6,3,3,0,1,1651,8008,Y,3,80,9,2,2,,Middle Management,Full Time,Other,N/A
No,1,3E+14,25,Travel_Frequently,772,Research & Development,2,1,Life Sciences,4,Male,77,4,2,Manufacturing Director,3,Divorced,4973,1,No,17,3,2,6,3,7,0,1,1653,5206,Y,3,80,7,7,7,,Middle Management,Full Time,White ,N/A
No,0.94,3E+14,39,Travel_Rarely,492,Research & Development,12,3,Medical,4,Male,66,3,2,Manufacturing Director,2,Married,7693,4,No,21,3,0,3,3,5,1,1,1654,5295,Y,4,80,7,4,0,,Middle Management,Full Time,White ,N/A
No,0.98,3E+14,49,Travel_Rarely,301,Research & Development,22,4,Other,1,Female,72,3,4,Research Director,2,Married,3498,3,No,16,2,2,2,3,4,1,1,1655,16413,Y,3,80,27,2,2,,L2 Employee,Full Time,White ,N/A
No,0.99,3E+14,50,Travel_Rarely,813,Research & Development,17,5,Life Sciences,4,Female,50,2,3,Research Director,1,Divorced,21981,5,No,15,3,3,3,3,14,1,1,1656,13269,Y,3,80,19,11,11,,L2 Employee,Contractor,White ,Deloitte
No,0.59,3E+14,20,Travel_Rarely,1141,Sales,2,3,Medical,3,Female,31,3,1,Sales Representative,3,Single,13251,1,No,19,1,0,3,3,2,2,1,1657,2783,Y,3,80,2,2,2,,L2 Employee,Contractor,Asian,KPMG 
No,0.99,3E+14,34,Travel_Rarely,1130,Research & Development,3,3,Life Sciences,4,Female,66,3,2,Research Scientist,2,Divorced,19332,1,No,12,3,1,2,3,11,7,1,1658,5433,Y,3,80,11,8,9,,L3 Employee,Contractor,Asian,IBM
No,0.75,3E+14,36,Travel_Rarely,311,Research & Development,7,3,Life Sciences,1,Male,77,3,1,Laboratory Technician,2,Single,10950,2,No,11,3,0,4,3,4,1,1,1659,2013,Y,3,80,15,3,3,,L1 Employee,Contractor,White ,Accenture
No,0.98,3E+14,49,Travel_Rarely,465,Research & Development,6,1,Life Sciences,3,Female,41,2,4,Healthcare Representative,3,Married,11652,2,Yes,19,2,1,3,3,15,2,1,1661,13966,Y,3,80,30,11,12,,L2 Employee,Full Time,White ,Accenture
No,0.99,3E+14,36,Non-Travel,894,Research & Development,1,4,Medical,4,Female,33,2,2,Manufacturing Director,3,Married,15411,0,No,15,3,0,6,3,3,1,1,1662,4374,Y,3,80,4,2,2,,L2 Employee,Contractor,White ,HP
No,0.97,3E+14,36,Travel_Rarely,1040,Research & Development,3,2,Life Sciences,4,Male,79,4,2,Healthcare Representative,1,Divorced,26308,6,No,20,1,1,3,3,5,0,1,1664,6842,Y,4,80,13,4,4,,L3 Employee,Full Time,Asian,CGI
No,1,3E+14,54,Travel_Rarely,584,Research & Development,22,5,Medical,2,Female,91,3,4,Manager,3,Married,18685,3,No,25,3,1,6,3,10,4,1,1665,17426,Y,4,80,36,8,7,,L2 Employee,Contractor,Asian,KPMG
No,0.99,3E+14,43,Travel_Rarely,1291,Research & Development,15,2,Life Sciences,3,Male,65,2,4,Research Director,3,Married,3525,1,No,24,1,1,3,3,14,6,1,1666,17603,Y,4,80,14,10,11,,L1 Employee,Contractor,Asian,HP
No,0.57,3E+14,35,Travel_Frequently,880,Sales,12,4,Other,4,Male,36,3,2,Sales Executive,4,Single,10414,3,Yes,24,1,0,2,4,11,6,1,1667,4581,Y,4,80,13,9,7,,L2 Employee,Full Time,Asian,IBM
No,0.99,3E+14,38,Travel_Frequently,1189,Research & Development,1,3,Life Sciences,4,Male,90,3,2,Research Scientist,4,Married,9867,7,No,15,4,2,4,4,13,2,1,1668,4735,Y,3,80,19,11,9,,L2 Employee,Contractor,Asian,HP
No,0.5,3E+14,29,Travel_Rarely,991,Sales,5,3,Medical,1,Male,43,2,2,Sales Executive,2,Divorced,3356,1,Yes,13,2,1,3,2,10,0,1,1669,4187,Y,3,80,10,0,9,,Middle Management,Full Time,Black,Accenture
No,0.99,3E+14,33,Travel_Rarely,392,Sales,2,4,Medical,4,Male,93,3,2,Sales Executive,4,Divorced,3921,1,No,14,3,2,5,3,6,0,1,1670,5505,Y,3,80,6,2,4,,Middle Management,Full Time,Black,Deloitte
No,0.99,3E+14,32,Travel_Rarely,977,Research & Development,2,3,Medical,4,Male,45,3,2,Research Scientist,2,Divorced,25518,0,No,13,3,2,4,2,9,1,1,1671,5470,Y,3,80,10,5,6,,L1 Employee,Full Time,White ,Deloitte
No,0.94,3E+14,31,Travel_Rarely,1112,Sales,5,4,Life Sciences,1,Female,67,3,2,Sales Executive,4,Married,22589,1,No,11,1,2,2,3,10,0,1,1673,5476,Y,3,80,10,0,2,,L2 Employee,Full Time,Other,Deloitte
No,0.78,3E+14,49,Travel_Rarely,464,Research & Development,16,3,Medical,4,Female,74,3,1,Laboratory Technician,1,Divorced,24941,4,Yes,16,2,1,2,2,2,2,1,1674,2587,Y,3,80,17,2,2,,L2 Employee,Full Time,White ,Cognizant
No,0.84,3E+14,38,Travel_Frequently,148,Research & Development,2,3,Medical,4,Female,42,2,1,Laboratory Technician,2,Single,23826,1,No,22,2,0,3,3,4,3,1,1675,2440,Y,4,80,4,3,3,,Middle Management,Full Time,Asian,KPMG
No,1,3E+14,47,Travel_Rarely,1225,Sales,2,4,Life Sciences,2,Female,47,4,4,Manager,2,Divorced,21086,6,No,14,3,3,2,3,3,1,1,1676,15972,Y,3,80,29,2,2,,L1 Employee,Full Time,Black,IBM
No,0.98,3E+14,49,Travel_Rarely,809,Research & Development,1,3,Life Sciences,3,Male,36,3,4,Manager,3,Single,22384,4,No,14,1,0,2,3,8,0,1,1677,15379,Y,3,80,23,7,0,,L1 Employee,Contractor,White ,Ernst & Young
No,0.62,3E+14,41,Travel_Rarely,1206,Sales,23,2,Life Sciences,4,Male,80,3,3,Sales Executive,3,Single,11591,3,Yes,16,4,0,2,3,2,0,1,1678,7082,Y,3,80,21,0,2,,L1 Employee,Contractor,White ,Deloitte
Yes,0.71,3E+14,20,Travel_Rarely,727,Sales,9,1,Life Sciences,4,Male,54,3,1,Sales Representative,1,Single,21082,1,No,11,1,0,3,3,2,0,1,1680,2728,Y,3,80,2,2,2,,Middle Management,Full Time,White ,Ernst & Young
No,0.97,3E+14,33,Non-Travel,530,Sales,16,3,Life Sciences,3,Female,36,3,2,Sales Executive,4,Divorced,16130,1,Yes,25,3,1,2,3,6,1,1,1681,5368,Y,4,80,7,5,2,,L1 Employee,Contractor,Asian,CGI
No,0.86,3E+14,36,Travel_Rarely,1351,Research & Development,26,4,Life Sciences,1,Male,80,3,2,Healthcare Representative,3,Married,7419,6,No,14,2,2,2,2,3,0,1,1682,5347,Y,3,80,10,2,2,,L1 Employee,Contractor,Asian,Cognizant
No,0.96,3E+14,44,Travel_Rarely,528,Human Resources,1,3,Life Sciences,3,Female,44,3,1,Human Resources,4,Divorced,4167,4,Yes,18,1,3,2,3,2,2,1,1683,3195,Y,3,80,8,2,2,,L1 Employee,Contractor,Asian,HP
Yes,0.73,3E+14,23,Travel_Rarely,1320,Research & Development,8,1,Medical,4,Male,93,2,1,Laboratory Technician,3,Single,20586,1,Yes,11,1,0,2,3,5,1,1,1684,3989,Y,3,80,5,4,2,,L2 Employee,Contractor,White ,CGI
No,0.96,3E+14,38,Travel_Rarely,1495,Research & Development,4,2,Medical,4,Female,87,3,1,Laboratory Technician,3,Married,26176,7,No,19,4,1,5,2,0,0,1,1687,3306,Y,3,80,7,0,0,,Middle Management,Full Time,White ,Deloitte
No,0.97,3E+14,53,Travel_Rarely,1395,Research & Development,24,4,Medical,2,Male,48,4,3,Healthcare Representative,4,Married,3458,3,No,15,3,0,2,3,4,1,1,1689,7005,Y,3,80,11,3,2,,L1 Employee,Contractor,Asian,Deloitte
No,0.9,3E+14,48,Travel_Frequently,708,Sales,7,2,Medical,4,Female,95,3,1,Sales Representative,3,Married,11740,2,Yes,11,3,2,3,3,9,7,1,1691,2655,Y,3,80,19,7,7,,Middle Management,Full Time,White ,Cognizant
No,0.82,3E+14,32,Travel_Rarely,1259,Research & Development,2,4,Life Sciences,4,Male,95,3,1,Laboratory Technician,2,Single,24852,1,No,12,1,0,2,3,1,0,1,1692,1393,Y,3,80,1,0,0,,L2 Employee,Full Time,Asian,KPMG
No,0.98,3E+14,26,Non-Travel,786,Research & Development,7,3,Medical,4,Male,76,3,1,Laboratory Technician,4,Single,11925,1,No,20,3,0,5,3,7,5,1,1693,2570,Y,4,80,7,7,7,,L1 Employee,Full Time,White ,Deloitte
No,0.82,3E+14,55,Travel_Rarely,1441,Research & Development,22,3,Technical Degree,1,Male,94,2,1,Research Scientist,2,Divorced,23737,5,No,12,4,1,1,3,4,1,1,1694,3537,Y,3,80,8,2,2,,Middle Management,Full Time,Asian,Deloitte
No,0.96,3E+14,34,Travel_Rarely,1157,Research & Development,5,2,Medical,2,Male,57,2,2,Laboratory Technician,4,Married,11912,1,No,14,3,1,3,4,15,4,1,1696,3986,Y,3,80,15,10,13,,L1 Employee,Full Time,White ,Ernst & Young
No,0.98,3E+14,60,Travel_Rarely,370,Research & Development,1,4,Medical,3,Male,92,1,3,Healthcare Representative,4,Divorced,20467,3,No,20,3,1,2,4,1,0,1,1697,10883,Y,4,80,19,0,0,,L3 Employee,Contractor,Black,Cognizant
No,0.98,3E+14,33,Travel_Rarely,267,Research & Development,21,3,Medical,2,Male,79,4,1,Laboratory Technician,2,Married,13637,1,No,18,4,3,6,3,14,2,1,1698,2028,Y,3,80,14,11,13,,Middle Management,Full Time,White ,Deloitte
No,0.95,3E+14,37,Travel_Frequently,1278,Sales,1,4,Medical,3,Male,31,1,2,Sales Executive,4,Divorced,7677,1,No,14,3,2,2,2,6,1,1,1700,9525,Y,3,80,6,3,3,,L2 Employee,Full Time,Asian,Accenture
No,0.83,3E+14,34,Travel_Rarely,678,Research & Development,19,3,Life Sciences,2,Female,35,2,1,Research Scientist,4,Married,20338,1,No,12,2,0,3,3,10,8,1,1701,2929,Y,3,80,10,9,7,,Middle Management,Full Time,White ,Cognizant
No,0.74,3E+14,23,Travel_Rarely,427,Sales,7,3,Life Sciences,3,Male,99,3,1,Sales Representative,4,Divorced,25103,1,Yes,21,2,1,2,3,3,0,1,1702,2275,Y,4,80,3,2,2,,Middle Management,Full Time,White ,IBM
No,0.98,3E+14,44,Travel_Rarely,921,Research & Development,2,3,Life Sciences,3,Female,96,4,3,Healthcare Representative,4,Married,14810,1,Yes,19,2,1,2,3,8,6,1,1703,7879,Y,3,80,9,7,7,,L2 Employee,Full Time,Asian,HP
Yes,0.67,3E+14,35,Travel_Frequently,146,Research & Development,2,4,Medical,1,Male,79,2,1,Research Scientist,4,Single,13970,0,Yes,14,3,0,2,4,5,1,1,1704,4930,Y,3,80,6,4,4,,L2 Employee,Full Time,Black,KPMG
No,0.89,3E+14,43,Travel_Rarely,1179,Sales,2,3,Medical,4,Male,73,3,2,Sales Executive,4,Married,6069,1,Yes,17,1,1,3,3,10,8,1,1706,7847,Y,3,80,10,9,8,,L1 Employee,Contractor,Asian,Deloitte
No,0.92,3E+14,24,Travel_Rarely,581,Research & Development,9,3,Medical,3,Male,62,4,1,Research Scientist,3,Married,17616,1,No,16,4,1,1,3,5,0,1,1707,4401,Y,3,80,5,3,4,,L3 Employee,Full Time,White ,CGI
No,0.94,3E+14,41,Travel_Rarely,918,Sales,6,3,Marketing,4,Male,35,3,3,Sales Executive,3,Single,15869,1,No,12,2,0,3,3,10,8,1,1708,9241,Y,3,80,10,8,7,,L2 Employee,Contractor,Asian,Accenture
No,0.91,3E+14,29,Travel_Rarely,1082,Research & Development,9,4,Medical,4,Female,43,3,1,Laboratory Technician,3,Married,25412,9,No,17,3,1,2,3,5,1,1,1709,2974,Y,3,80,9,3,2,,Middle Management,Full Time,White ,HP
No,0.9,3E+14,36,Travel_Rarely,530,Sales,2,4,Life Sciences,3,Female,51,3,2,Sales Representative,4,Single,7439,3,No,15,3,0,2,2,13,6,1,1710,4502,Y,3,80,17,7,7,,L1 Employee,Full Time,Asian,IBM
No,0.99,3E+14,45,Non-Travel,1238,Research & Development,1,1,Life Sciences,3,Male,74,2,3,Healthcare Representative,3,Married,3395,3,No,23,4,1,3,2,23,14,1,1712,10748,Y,4,80,25,15,4,,L2 Employee,Contractor,White ,HP
Yes,0.61,3E+14,24,Travel_Rarely,240,Human Resources,22,1,Human Resources,4,Male,58,1,1,Human Resources,3,Married,11585,1,No,11,3,1,2,3,1,0,1,1714,1555,Y,3,80,1,0,0,,L2 Employee,Full Time,Asian,KPMG
No,0.78,3E+14,47,Travel_Frequently,1093,Sales,9,3,Life Sciences,3,Male,82,1,4,Sales Executive,3,Married,24164,7,No,11,3,0,3,1,23,14,1,1716,12936,Y,3,80,25,5,10,,L3 Employee,Contractor,White ,HP
No,0.82,3E+14,26,Travel_Rarely,390,Research & Development,17,4,Medical,4,Male,62,1,1,Laboratory Technician,3,Married,6217,1,No,15,3,3,3,4,3,0,1,1718,2305,Y,3,80,3,2,2,,L1 Employee,Contractor,Asian,CGI
No,0.92,3E+14,45,Travel_Rarely,1005,Research & Development,28,2,Technical Degree,4,Female,48,2,4,Research Director,2,Single,17119,1,No,11,3,0,2,3,21,8,1,1719,16704,Y,3,80,21,6,6,,Middle Management,Full Time,Asian,Accenture
No,0.76,3E+14,32,Travel_Frequently,585,Research & Development,10,3,Life Sciences,1,Male,56,3,1,Research Scientist,3,Married,17360,6,No,13,1,1,3,2,5,1,1,1720,3433,Y,3,80,10,2,3,,L1 Employee,Full Time,Asian,IBM
No,0.94,3E+14,31,Travel_Rarely,741,Research & Development,2,4,Life Sciences,2,Male,69,3,1,Laboratory Technician,3,Married,18103,1,No,14,4,1,2,4,5,0,1,1721,3477,Y,3,80,6,2,3,,L2 Employee,Contractor,Other,CGI
No,0.91,3E+14,41,Non-Travel,552,Human Resources,4,3,Human Resources,3,Male,60,1,2,Human Resources,2,Married,20794,6,No,19,2,1,4,3,3,1,1,1722,6430,Y,3,80,10,2,2,,L3 Employee,Contractor,Asian,HP
No,0.72,3E+14,40,Travel_Rarely,369,Research & Development,8,2,Life Sciences,2,Female,92,3,2,Manufacturing Director,1,Married,5041,2,Yes,16,2,1,3,3,1,0,1,1724,6516,Y,3,80,18,0,0,,Middle Management,Full Time,Asian,Cognizant
No,0.86,3E+14,24,Travel_Rarely,506,Research & Development,29,1,Medical,2,Male,91,3,1,Laboratory Technician,1,Divorced,3622,1,No,13,2,3,2,4,6,1,1,1725,3907,Y,3,80,6,2,2,,L1 Employee,Full Time,Asian,Deloitte
No,0.91,3E+14,46,Travel_Rarely,717,Research & Development,13,4,Life Sciences,3,Male,34,3,2,Healthcare Representative,2,Single,9697,6,No,14,4,0,3,3,10,0,1,1727,5562,Y,3,80,19,7,9,,L2 Employee,Full Time,Asian,Ernst & Young
No,0.96,3E+14,35,Travel_Rarely,1370,Research & Development,27,4,Life Sciences,4,Male,49,3,2,Manufacturing Director,3,Married,5151,2,No,16,2,1,3,3,7,0,1,1728,6883,Y,3,80,17,7,7,,L1 Employee,Full Time,Black,Ernst & Young
No,0.88,3E+14,30,Travel_Rarely,793,Research & Development,16,1,Life Sciences,2,Male,33,3,1,Research Scientist,4,Married,3811,1,No,12,2,1,2,2,10,0,1,1729,2862,Y,3,80,10,0,8,,L1 Employee,Contractor,White ,Accenture
No,0.92,3E+14,47,Non-Travel,543,Sales,2,4,Marketing,3,Male,87,3,2,Sales Executive,2,Married,3536,7,No,11,4,1,3,1,1,0,1,1731,4978,Y,3,80,4,0,0,,Middle Management,Full Time,White ,Ernst & Young
No,0.97,3E+14,46,Travel_Rarely,1277,Sales,2,3,Life Sciences,3,Male,74,3,3,Sales Executive,4,Divorced,5596,4,Yes,12,2,1,5,2,10,0,1,1732,10368,Y,3,80,13,6,3,,L2 Employee,Contractor,Asian,KPMG
No,0.8,3E+14,36,Travel_Rarely,1456,Sales,13,5,Marketing,2,Male,96,2,2,Sales Executive,1,Divorced,8658,5,Yes,13,2,3,3,3,2,2,1,1733,6134,Y,3,80,16,2,2,,L1 Employee,Contractor,White ,HP
Yes,0.84,3E+14,32,Travel_Rarely,964,Sales,1,2,Life Sciences,1,Male,34,1,2,Sales Executive,2,Single,12147,6,No,15,2,0,2,3,0,0,1,1734,6735,Y,3,80,10,0,0,,Middle Management,Full Time,White ,Accenture
Yes,0.58,3E+14,23,Travel_Rarely,160,Research & Development,4,1,Medical,3,Female,51,3,1,Laboratory Technician,2,Single,12862,1,No,13,3,0,3,1,3,1,1,1735,3295,Y,3,80,3,2,2,,L2 Employee,Full Time,Other,KPMG
No,0.77,3E+14,31,Travel_Frequently,163,Research & Development,24,1,Technical Degree,4,Female,30,3,2,Manufacturing Director,4,Single,6670,2,No,20,4,0,3,2,5,1,1,1736,5238,Y,4,80,9,4,4,,Middle Management,Full Time,White ,Deloitte
No,0.98,3E+14,39,Non-Travel,792,Research & Development,1,3,Life Sciences,4,Male,77,3,2,Laboratory Technician,4,Married,8989,1,Yes,15,4,1,2,3,9,5,1,1737,6472,Y,3,80,9,8,8,,Middle Management,Full Time,Black,Ernst & Young
No,0.51,3E+14,32,Travel_Rarely,371,Sales,19,3,Life Sciences,4,Male,80,1,3,Sales Executive,3,Married,3840,3,No,13,3,1,2,1,4,0,1,1739,9610,Y,3,80,10,3,2,,L1 Employee,Full Time,Black,Cognizant
No,0.98,3E+14,40,Travel_Rarely,611,Sales,7,4,Medical,2,Male,88,3,5,Manager,2,Single,4349,1,No,14,2,0,3,2,21,12,1,1740,19833,Y,3,80,21,8,8,,L1 Employee,Contractor,Asian,KPMG
No,0.94,3E+14,45,Travel_Rarely,176,Human Resources,4,3,Life Sciences,3,Female,56,1,3,Human Resources,3,Married,6595,4,No,21,3,2,2,4,5,0,1,1744,9756,Y,4,80,9,0,3,,Middle Management,Full Time,Asian,KPMG
No,0.72,3E+14,30,Travel_Frequently,1312,Research & Development,2,4,Technical Degree,4,Female,78,2,1,Research Scientist,1,Single,26427,0,No,16,4,0,2,3,9,0,1,1745,4968,Y,3,80,10,7,7,,Middle Management,Full Time,Black,Accenture
No,0.85,3E+14,24,Travel_Frequently,897,Human Resources,10,3,Medical,1,Male,59,3,1,Human Resources,4,Married,2097,0,No,14,4,1,2,3,2,2,1,1746,2145,Y,3,80,3,2,1,,L1 Employee,Contractor,White ,IBM
No,0.91,3E+14,30,Travel_Frequently,600,Human Resources,8,3,Human Resources,3,Female,66,2,1,Human Resources,4,Divorced,9732,6,No,11,3,1,0,2,4,1,1,1747,2180,Y,3,80,6,2,2,,L3 Employee,Contractor,White ,IBM
No,0.84,3E+14,31,Travel_Rarely,1003,Sales,5,3,Technical Degree,1,Male,51,3,2,Sales Executive,3,Married,20943,1,No,19,3,1,3,3,5,0,1,1749,8346,Y,3,80,6,2,2,,L1 Employee,Full Time,Asian,Deloitte
No,0.88,3E+14,27,Travel_Rarely,1054,Research & Development,8,3,Medical,3,Female,67,3,1,Research Scientist,4,Single,6152,1,No,11,3,0,5,2,6,1,1,1751,3445,Y,3,80,6,2,4,,L3 Employee,Full Time,White ,Cognizant
Yes,0.77,3E+14,29,Travel_Rarely,428,Sales,9,3,Marketing,2,Female,52,1,1,Sales Representative,2,Single,14630,1,No,13,3,0,3,3,2,2,1,1752,2760,Y,3,80,2,2,2,,L1 Employee,Contractor,White ,IBM
No,0.61,3E+14,29,Travel_Frequently,461,Research & Development,1,3,Life Sciences,4,Male,70,4,2,Healthcare Representative,3,Single,23060,8,Yes,12,4,0,5,4,3,0,1,1753,6294,Y,3,80,10,2,2,,Middle Management,Full Time,Black,Accenture
No,0.91,3E+14,30,Travel_Rarely,979,Sales,15,2,Marketing,3,Male,94,2,3,Sales Executive,1,Divorced,3088,2,No,11,1,1,2,3,7,1,1,1754,7140,Y,3,80,12,7,7,,Middle Management,Full Time,Black,CGI
No,0.93,3E+14,34,Travel_Rarely,181,Research & Development,2,4,Medical,4,Male,97,4,1,Research Scientist,4,Married,5586,0,Yes,14,1,3,3,3,5,1,1,1755,2932,Y,3,80,6,0,2,,L2 Employee,Contractor,Other,IBM
No,0.91,3E+14,33,Non-Travel,1283,Sales,2,3,Marketing,4,Female,62,3,2,Sales Executive,2,Single,10697,8,No,15,4,0,2,2,11,1,1,1756,5147,Y,3,80,13,7,7,,L1 Employee,Contractor,White ,Accenture
No,0.93,3E+14,49,Travel_Rarely,1313,Sales,11,4,Marketing,4,Female,80,3,2,Sales Executive,4,Single,8191,3,No,12,3,0,1,4,5,0,1,1757,4507,Y,3,80,8,1,4,,L1 Employee,Full Time,White ,Accenture
Yes,0.82,3E+14,33,Travel_Rarely,211,Sales,16,3,Life Sciences,1,Female,74,3,3,Sales Executive,1,Single,10092,2,Yes,20,3,0,2,2,0,0,1,1758,8564,Y,4,80,11,0,0,,L1 Employee,Full Time,Black,Cognizant
No,0.91,3E+14,38,Travel_Frequently,594,Research & Development,2,2,Medical,3,Female,75,2,1,Laboratory Technician,2,Married,15963,4,No,14,2,1,4,2,6,0,1,1760,2468,Y,3,80,9,1,5,,L2 Employee,Full Time,White ,CGI
No,0.93,3E+14,31,Travel_Rarely,1079,Sales,16,4,Marketing,1,Male,70,3,3,Sales Executive,3,Married,19002,2,No,13,1,3,2,3,1,0,1,1761,8161,Y,3,80,10,0,0,,L1 Employee,Full Time,White ,HP
No,0.87,3E+14,29,Travel_Rarely,590,Research & Development,4,3,Technical Degree,4,Female,91,2,1,Research Scientist,1,Divorced,10007,1,No,13,3,1,2,3,1,0,1,1762,2109,Y,3,80,1,0,0,,L3 Employee,Contractor,White ,HP
No,0.96,3E+14,30,Travel_Rarely,305,Research & Development,16,3,Life Sciences,3,Male,58,4,2,Healthcare Representative,3,Married,9128,3,No,16,3,1,3,3,7,1,1,1763,5294,Y,3,80,10,0,7,,L2 Employee,Contractor,White ,KPMG
No,0.88,3E+14,32,Non-Travel,953,Research & Development,5,4,Technical Degree,2,Male,65,3,1,Research Scientist,2,Single,17674,2,No,14,2,0,3,3,7,0,1,1764,2718,Y,3,80,12,7,7,,L2 Employee,Contractor,Asian,CGI
Yes,0.55,3E+14,38,Travel_Rarely,833,Research & Development,18,3,Medical,2,Male,60,1,2,Healthcare Representative,4,Married,24539,3,Yes,16,3,1,2,3,1,1,1,1766,5811,Y,3,80,15,0,0,,L1 Employee,Contractor,White ,KPMG
Yes,0.58,3E+14,43,Travel_Frequently,807,Research & Development,17,3,Technical Degree,3,Male,38,2,1,Research Scientist,3,Married,15587,9,Yes,16,4,1,4,3,1,0,1,1767,2437,Y,3,80,6,0,0,,L1 Employee,Contractor,Black,Ernst & Young
No,0.98,3E+14,42,Travel_Rarely,855,Research & Development,12,3,Medical,2,Male,57,3,1,Laboratory Technician,2,Divorced,8952,8,No,22,2,3,6,2,5,0,1,1768,2766,Y,4,80,7,3,4,,L2 Employee,Full Time,Asian,Accenture
No,0.99,3E+14,55,Travel_Rarely,478,Research & Development,2,3,Medical,3,Male,60,2,5,Research Director,1,Married,19805,8,No,12,2,3,2,3,1,0,1,1770,19038,Y,3,80,34,0,0,,L1 Employee,Contractor,White ,CGI
No,0.99,3E+14,33,Non-Travel,775,Research & Development,4,3,Technical Degree,4,Male,90,3,2,Research Scientist,2,Divorced,6194,5,No,15,4,2,2,2,9,1,1,1771,3055,Y,3,80,11,8,7,,L1 Employee,Full Time,Asian,Deloitte
No,0.98,3E+14,41,Travel_Rarely,548,Research & Development,9,4,Life Sciences,3,Male,94,3,1,Laboratory Technician,1,Divorced,20520,1,No,20,2,2,2,3,5,0,1,1772,2289,Y,4,80,5,3,4,,Middle Management,Full Time,Asian,Deloitte
No,0.98,3E+14,34,Non-Travel,1375,Sales,10,3,Life Sciences,4,Male,87,3,2,Sales Executive,3,Divorced,12313,1,Yes,14,3,1,3,3,15,0,1,1774,4001,Y,3,80,15,14,7,,L1 Employee,Contractor,White ,Accenture
No,0.99,3E+14,53,Non-Travel,661,Research & Development,1,4,Medical,1,Female,60,2,4,Manufacturing Director,3,Married,22308,4,Yes,20,4,3,2,2,3,0,1,1775,12965,Y,4,80,27,2,2,,Middle Management,Full Time,Asian,Accenture
No,0.93,3E+14,43,Travel_Rarely,244,Human Resources,2,3,Life Sciences,2,Male,97,3,1,Human Resources,4,Single,5033,0,No,13,2,0,5,3,9,1,1,1778,3539,Y,3,80,10,7,8,,L2 Employee,Full Time,Asian,Ernst & Young
Yes,0.55,3E+14,34,Travel_Rarely,511,Sales,3,2,Life Sciences,4,Female,32,1,2,Sales Executive,4,Single,25353,5,No,12,1,0,3,3,2,2,1,1779,6029,Y,3,80,6,2,2,,L3 Employee,Full Time,Black,Ernst & Young
Yes,0.66,3E+14,21,Travel_Rarely,337,Sales,7,1,Marketing,2,Male,31,3,1,Sales Representative,2,Single,4567,1,No,13,2,0,3,3,1,1,1,1780,2679,Y,3,80,1,0,0,,L1 Employee,Full Time,Asian,Accenture
No,0.94,3E+14,38,Travel_Rarely,1153,Research & Development,6,2,Other,4,Female,40,2,1,Laboratory Technician,3,Married,16376,1,No,11,2,1,3,3,5,0,1,1782,3702,Y,3,80,5,4,4,,L3 Employee,Contractor,White ,Ernst & Young
No,0.6,3E+14,22,Travel_Rarely,1294,Research & Development,8,1,Medical,3,Female,79,3,1,Laboratory Technician,1,Married,15999,1,Yes,17,3,0,6,3,1,0,1,1783,2398,Y,3,80,1,0,0,,L1 Employee,Full Time,Other,CGI
No,0.79,3E+14,31,Travel_Rarely,196,Sales,29,4,Marketing,1,Female,91,2,2,Sales Executive,4,Married,13402,1,No,14,1,2,3,3,12,5,1,1784,5468,Y,3,80,13,7,7,,L2 Employee,Contractor,Other,Cognizant
No,0.94,3E+14,51,Travel_Rarely,942,Research & Development,3,3,Technical Degree,1,Female,53,3,3,Manager,3,Married,22984,2,No,11,4,0,2,3,2,2,1,1786,13116,Y,3,80,15,2,2,,L1 Employee,Full Time,Other,IBM
No,0.84,3E+14,37,Travel_Rarely,589,Sales,9,2,Marketing,2,Male,46,2,2,Sales Executive,2,Married,8800,1,No,14,1,2,2,3,5,0,1,1787,4189,Y,3,80,5,2,3,,L3 Employee,Contractor,Black,Deloitte
No,1,3E+14,46,Travel_Rarely,734,Research & Development,2,4,Medical,3,Male,46,3,5,Research Director,4,Divorced,14218,7,Yes,17,3,1,3,3,2,2,1,1789,19328,Y,3,80,24,1,2,,Middle Management,Full Time,Asian,Deloitte
No,0.89,3E+14,36,Travel_Rarely,1383,Research & Development,10,3,Life Sciences,4,Male,90,3,3,Healthcare Representative,1,Married,25949,7,Yes,13,4,1,1,3,12,5,1,1790,8321,Y,3,80,15,8,7,,Middle Management,Full Time,Black,Cognizant
No,0.95,3E+14,44,Travel_Frequently,429,Research & Development,1,2,Medical,3,Male,99,3,1,Research Scientist,2,Divorced,11092,1,Yes,12,3,3,2,2,5,2,1,1792,2342,Y,3,80,6,3,3,,L1 Employee,Contractor,Other,IBM
No,0.96,3E+14,37,Travel_Rarely,1239,Human Resources,8,2,Other,3,Male,89,3,2,Human Resources,2,Divorced,12832,2,No,13,3,0,4,2,10,4,1,1794,4071,Y,3,80,19,0,7,,L1 Employee,Full Time,Asian,IBM
Yes,0.53,3E+14,35,Travel_Rarely,303,Sales,27,3,Life Sciences,3,Male,84,3,2,Sales Executive,4,Single,13492,1,Yes,18,4,0,2,3,10,7,1,1797,5813,Y,3,80,10,7,7,,L1 Employee,Full Time,White ,CGI
No,0.93,3E+14,33,Travel_Rarely,867,Research & Development,8,4,Life Sciences,4,Male,90,4,1,Research Scientist,1,Married,6076,6,No,19,2,1,1,3,10,7,1,1798,3143,Y,3,80,14,8,6,,Middle Management,Full Time,Black,Ernst & Young
No,0.98,3E+14,28,Travel_Rarely,1181,Research & Development,1,3,Life Sciences,3,Male,82,3,1,Research Scientist,4,Married,5531,1,No,11,3,1,6,4,5,0,1,1799,2044,Y,3,80,5,3,3,,L1 Employee,Full Time,White ,Ernst & Young
No,0.93,3E+14,39,Travel_Rarely,1253,Research & Development,10,1,Medical,3,Male,65,3,3,Research Director,3,Single,7914,7,No,21,3,0,3,3,4,2,1,1800,13464,Y,4,80,9,3,2,,L1 Employee,Full Time,White ,Ernst & Young
No,0.64,3E+14,46,Non-Travel,849,Sales,26,2,Life Sciences,2,Male,98,2,2,Sales Executive,2,Single,25166,8,No,15,3,0,3,3,2,2,1,1801,7991,Y,3,80,6,2,2,,Middle Management,Full Time,Black,Cognizant
No,0.95,3E+14,40,Travel_Rarely,616,Research & Development,2,2,Life Sciences,3,Female,99,3,1,Laboratory Technician,1,Married,25605,4,No,17,4,1,5,2,4,0,1,1802,3377,Y,3,80,7,3,2,,L3 Employee,Contractor,White ,Ernst & Young
No,0.93,3E+14,42,Travel_Rarely,1128,Research & Development,13,3,Medical,2,Male,95,4,2,Healthcare Representative,1,Married,5696,5,No,18,3,2,2,2,0,0,1,1803,5538,Y,3,80,10,0,0,,L3 Employee,Contractor,Black,Deloitte
No,1,3E+14,35,Non-Travel,1180,Research & Development,2,2,Medical,2,Male,90,3,2,Manufacturing Director,4,Divorced,24442,2,No,14,3,1,6,3,7,1,1,1804,5762,Y,3,80,15,7,7,,L1 Employee,Contractor,White ,Accenture
No,0.99,3E+14,38,Non-Travel,1336,Human Resources,2,3,Human Resources,1,Male,100,3,1,Human Resources,2,Divorced,7129,5,No,13,4,3,3,3,11,3,1,1805,2592,Y,3,80,13,10,8,,L1 Employee,Contractor,Asian,KPMG
No,0.95,3E+14,34,Travel_Frequently,234,Research & Development,9,4,Life Sciences,4,Male,93,3,2,Laboratory Technician,1,Married,6208,4,No,17,3,1,3,2,7,0,1,1807,5346,Y,3,80,11,1,7,,L1 Employee,Full Time,Other,Cognizant
No,0.71,3E+14,37,Travel_Rarely,370,Research & Development,10,4,Medical,4,Male,58,3,2,Manufacturing Director,1,Single,4992,1,No,15,2,0,4,1,10,0,1,1809,4213,Y,3,80,10,3,8,,L2 Employee,Full Time,Black,Cognizant
No,0.99,3E+14,39,Travel_Frequently,766,Sales,20,3,Life Sciences,3,Male,83,3,2,Sales Executive,4,Divorced,19188,2,No,18,4,1,6,3,2,2,1,1812,4127,Y,3,80,7,1,2,,L2 Employee,Full Time,Black,HP
No,0.85,3E+14,43,Non-Travel,343,Research & Development,9,3,Life Sciences,1,Male,52,3,1,Research Scientist,3,Single,24978,4,No,13,3,0,2,2,3,1,1,1813,2438,Y,3,80,7,2,2,,L1 Employee,Contractor,Other,Cognizant
No,0.62,3E+14,41,Travel_Rarely,447,Research & Development,5,3,Life Sciences,2,Male,85,4,2,Healthcare Representative,2,Single,15530,3,No,12,1,0,3,1,3,1,1,1814,6870,Y,3,80,11,2,2,,L1 Employee,Contractor,Asian,Deloitte
No,0.95,3E+14,41,Travel_Rarely,796,Sales,4,1,Marketing,3,Female,81,3,3,Sales Executive,3,Divorced,26458,0,Yes,13,4,1,3,4,22,13,1,1815,10447,Y,3,80,23,14,5,,Middle Management,Full Time,White ,CGI
No,0.76,3E+14,30,Travel_Rarely,1092,Research & Development,10,3,Medical,1,Female,64,3,3,Manufacturing Director,3,Single,2739,9,No,14,2,0,3,3,7,0,1,1816,9667,Y,3,80,9,7,2,,L1 Employee,Full Time,Other,IBM
Yes,0.55,3E+14,26,Travel_Rarely,920,Human Resources,20,2,Medical,4,Female,69,3,1,Human Resources,2,Married,6889,0,Yes,11,3,0,3,3,5,1,1,1818,2148,Y,3,80,6,1,4,,Middle Management,Full Time,Asian,Ernst & Young
No,0.96,3E+14,46,Travel_Rarely,261,Research & Development,21,2,Medical,4,Female,66,3,2,Healthcare Representative,2,Married,10842,4,No,22,4,1,2,4,9,3,1,1821,8926,Y,4,80,13,7,7,,L2 Employee,Full Time,Other,HP
No,0.99,3E+14,40,Travel_Rarely,1194,Research & Development,1,3,Life Sciences,3,Female,52,3,2,Healthcare Representative,4,Divorced,9060,4,No,17,4,1,3,3,5,0,1,1822,6513,Y,3,80,12,3,3,,L1 Employee,Full Time,Black,CGI
No,0.97,3E+14,34,Travel_Rarely,810,Sales,8,2,Technical Degree,2,Male,92,4,2,Sales Executive,3,Married,22128,1,No,21,3,2,5,3,10,4,1,1823,6799,Y,4,80,10,8,8,,L1 Employee,Contractor,Black,Ernst & Young
No,1,3E+14,58,Non-Travel,350,Sales,2,3,Medical,2,Male,52,3,4,Manager,2,Divorced,22577,4,No,22,4,1,0,2,16,14,1,1824,16291,Y,4,80,37,9,14,,L2 Employee,Contractor,White ,KPMG
No,0.6,3E+14,35,Travel_Rarely,185,Research & Development,23,4,Medical,2,Male,91,1,1,Laboratory Technician,3,Married,9696,0,No,16,2,1,2,4,5,0,1,1826,2705,Y,3,80,6,4,3,,L2 Employee,Full Time,White ,IBM
No,0.94,3E+14,47,Travel_Rarely,1001,Research & Development,4,3,Life Sciences,3,Female,92,2,3,Manufacturing Director,2,Divorced,19271,8,Yes,12,3,1,4,3,22,14,1,1827,10333,Y,3,80,28,11,10,,L3 Employee,Full Time,Asian,Ernst & Young
No,0.97,3E+14,40,Travel_Rarely,750,Research & Development,12,3,Life Sciences,2,Female,47,3,2,Healthcare Representative,1,Divorced,10748,2,No,12,2,1,3,3,7,7,1,1829,4448,Y,3,80,15,4,7,,L1 Employee,Full Time,White ,CGI
No,0.98,3E+14,54,Travel_Rarely,431,Research & Development,7,4,Medical,4,Female,68,3,2,Research Scientist,4,Married,15696,4,No,15,2,1,2,2,7,1,1,1830,6854,Y,3,80,14,1,7,,L1 Employee,Contractor,Black,CGI
No,0.95,3E+14,31,Travel_Frequently,1125,Sales,7,4,Marketing,1,Female,68,3,3,Sales Executive,1,Married,8277,2,No,14,4,2,3,3,3,2,1,1833,9637,Y,3,80,9,2,2,,L2 Employee,Contractor,Other,Cognizant
No,0.93,3E+14,28,Travel_Rarely,1217,Research & Development,1,3,Medical,3,Female,67,3,1,Research Scientist,1,Married,12719,1,No,25,3,1,3,3,3,1,1,1834,3591,Y,4,80,3,2,2,,L1 Employee,Full Time,Asian,Ernst & Young
No,0.52,3E+14,38,Travel_Rarely,723,Sales,2,4,Marketing,2,Female,77,1,2,Sales Representative,4,Married,4244,2,Yes,20,1,2,4,2,4,0,1,1835,5405,Y,4,80,20,2,3,,L2 Employee,Full Time,White ,Cognizant
No,0.76,3E+14,26,Travel_Rarely,572,Sales,10,3,Medical,3,Male,46,3,2,Sales Executive,4,Single,9125,1,No,13,1,0,4,3,5,1,1,1836,4684,Y,3,80,5,3,2,,L1 Employee,Contractor,Asian,KPMG
No,0.92,3E+14,58,Travel_Frequently,1216,Research & Development,15,4,Life Sciences,1,Male,87,3,4,Research Director,3,Married,21624,2,Yes,14,2,0,3,3,2,2,1,1837,15787,Y,3,80,23,2,2,,L1 Employee,Full Time,White ,KPMG
No,0.62,3E+14,18,Non-Travel,1431,Research & Development,14,3,Medical,2,Female,33,3,1,Research Scientist,3,Single,8018,1,No,16,3,0,4,1,0,0,1,1839,1514,Y,3,80,0,0,0,,Middle Management,Full Time,White ,KPMG
No,0.82,3E+14,31,Travel_Rarely,359,Human Resources,18,5,Human Resources,4,Male,89,4,1,Human Resources,1,Married,21495,0,No,17,3,0,4,3,1,0,1,1842,2956,Y,3,80,2,0,0,,Middle Management,Full Time,White ,Deloitte
No,0.53,3E+14,29,Travel_Rarely,350,Human Resources,13,3,Human Resources,1,Male,56,2,1,Human Resources,1,Divorced,3157,4,Yes,15,4,3,3,3,2,2,1,1844,2335,Y,3,80,4,2,0,,L1 Employee,Full Time,Black,Cognizant
No,0.99,3E+14,45,Non-Travel,589,Sales,2,4,Life Sciences,3,Female,67,3,2,Sales Executive,3,Married,19665,4,No,22,2,2,3,4,8,5,1,1845,5154,Y,4,80,10,7,7,,L1 Employee,Contractor,White ,KPMG
No,0.82,3E+14,36,Travel_Rarely,430,Research & Development,2,4,Other,4,Female,73,3,2,Research Scientist,2,Married,19573,4,Yes,22,4,1,2,3,1,0,1,1847,6962,Y,4,80,15,0,0,,L1 Employee,Full Time,White ,Deloitte
No,0.98,3E+14,43,Travel_Frequently,1422,Sales,2,4,Life Sciences,1,Male,92,3,2,Sales Executive,4,Married,19246,1,No,20,3,1,5,3,7,7,1,1849,5675,Y,4,80,7,7,7,,Middle Management,Full Time,Asian,IBM
No,0.65,3E+14,27,Travel_Frequently,1297,Research & Development,5,2,Life Sciences,4,Female,53,3,1,Laboratory Technician,4,Single,19826,0,Yes,14,3,0,3,2,5,0,1,1850,2379,Y,3,80,6,4,2,,L2 Employee,Full Time,Asian,HP
No,0.91,3E+14,29,Travel_Frequently,574,Research & Development,20,1,Medical,4,Male,40,3,1,Laboratory Technician,4,Married,7003,1,No,13,2,0,3,4,11,3,1,1852,3812,Y,3,80,11,8,10,,Middle Management,Full Time,White ,Accenture
No,0.75,3E+14,32,Travel_Frequently,1318,Sales,10,4,Marketing,4,Male,79,3,2,Sales Executive,4,Single,26075,8,No,13,3,0,2,4,0,0,1,1853,4648,Y,3,80,4,0,0,,L2 Employee,Full Time,Asian,Ernst & Young
No,0.98,3E+14,42,Non-Travel,355,Research & Development,10,4,Technical Degree,3,Male,38,3,1,Research Scientist,3,Married,6161,3,No,22,2,2,1,2,6,3,1,1854,2936,Y,4,80,10,3,3,,Middle Management,Full Time,White ,Accenture
No,0.86,3E+14,47,Travel_Rarely,207,Research & Development,9,4,Life Sciences,2,Female,64,3,1,Laboratory Technician,3,Single,5411,4,No,12,3,0,2,3,2,2,1,1856,2105,Y,3,80,7,2,0,,L1 Employee,Contractor,White ,CGI
No,1,3E+14,46,Travel_Rarely,706,Research & Development,2,2,Life Sciences,4,Male,82,3,3,Manufacturing Director,4,Divorced,19989,3,No,14,3,1,4,2,9,4,1,1857,8578,Y,3,80,12,8,7,,Middle Management,Full Time,White ,Accenture
No,0.99,3E+14,28,Non-Travel,280,Human Resources,1,2,Life Sciences,3,Male,43,3,1,Human Resources,4,Divorced,10494,1,No,15,2,1,2,3,3,2,1,1858,2706,Y,3,80,3,2,2,,L1 Employee,Contractor,Other,Ernst & Young
No,0.82,3E+14,29,Travel_Rarely,726,Research & Development,29,1,Life Sciences,4,Male,93,1,2,Healthcare Representative,3,Divorced,21143,8,No,17,4,2,3,3,7,1,1,1859,6384,Y,3,80,11,0,6,,Middle Management,Full Time,White ,Deloitte
No,0.91,3E+14,42,Travel_Rarely,1142,Research & Development,8,3,Life Sciences,4,Male,81,3,1,Laboratory Technician,3,Single,13624,4,No,13,4,0,3,3,0,0,1,1860,3968,Y,3,80,8,0,0,,L1 Employee,Full Time,Other,Ernst & Young
Yes,0.84,3E+14,32,Travel_Rarely,414,Sales,2,4,Marketing,3,Male,82,2,2,Sales Executive,2,Single,26186,7,Yes,12,3,0,3,2,2,2,1,1862,9907,Y,3,80,7,2,2,,Middle Management,Full Time,Asian,HP
No,0.99,3E+14,46,Travel_Rarely,1319,Sales,3,3,Technical Degree,1,Female,45,4,4,Sales Executive,1,Divorced,7739,2,No,12,4,1,5,3,19,2,1,1863,13225,Y,3,80,25,17,8,,L2 Employee,Contractor,Asian,Ernst & Young
No,0.83,3E+14,27,Travel_Rarely,728,Sales,23,1,Medical,2,Female,36,2,2,Sales Representative,3,Married,7018,1,No,21,4,1,5,3,9,5,1,1864,3540,Y,4,80,9,8,8,,L1 Employee,Contractor,Black,HP
No,0.73,3E+14,29,Travel_Rarely,352,Human Resources,6,1,Medical,4,Male,87,2,1,Human Resources,2,Married,15434,1,No,11,4,0,3,3,1,0,1,1865,2804,Y,3,80,1,0,0,,Middle Management,Full Time,Other,HP
No,0.99,3E+14,43,Travel_Rarely,823,Research & Development,6,3,Medical,1,Female,81,2,5,Manager,3,Married,22539,7,No,13,4,0,2,3,16,6,1,1866,19392,Y,3,80,21,12,14,,L3 Employee,Full Time,Other,Cognizant
No,1,3E+14,48,Travel_Rarely,1224,Research & Development,10,3,Life Sciences,4,Male,91,2,5,Research Director,2,Married,13583,4,No,12,4,0,3,3,22,12,1,1867,19665,Y,3,80,29,10,9,,L2 Employee,Contractor,White ,Ernst & Young
Yes,0.77,3E+14,29,Travel_Frequently,459,Research & Development,24,2,Life Sciences,4,Male,73,2,1,Research Scientist,4,Single,14753,1,Yes,24,2,0,3,2,1,1,1,1868,2439,Y,4,80,1,0,0,,L1 Employee,Full Time,White ,Deloitte
No,0.99,3E+14,46,Travel_Rarely,1254,Sales,10,3,Life Sciences,3,Female,64,3,3,Sales Executive,2,Married,14011,5,No,21,3,3,2,3,8,0,1,1869,7314,Y,4,80,14,7,7,,L1 Employee,Full Time,Other,HP
No,0.82,3E+14,27,Travel_Frequently,1131,Research & Development,15,3,Life Sciences,4,Female,77,2,1,Research Scientist,1,Married,23844,0,No,19,4,1,2,2,7,7,1,1870,4774,Y,3,80,8,6,3,,L2 Employee,Contractor,White ,HP
No,0.98,3E+14,39,Travel_Rarely,835,Research & Development,19,4,Other,4,Male,41,3,2,Research Scientist,4,Divorced,5141,8,No,14,2,3,2,3,2,2,1,1871,3902,Y,3,80,7,2,2,,L1 Employee,Full Time,White ,HP
No,0.85,3E+14,55,Travel_Rarely,836,Research & Development,2,4,Technical Degree,2,Male,98,2,1,Research Scientist,4,Married,7975,8,No,20,2,1,2,4,5,0,1,1873,2662,Y,4,80,19,2,4,,L1 Employee,Contractor,White ,Deloitte
No,0.86,3E+14,28,Travel_Rarely,1172,Sales,3,3,Medical,2,Female,78,3,1,Sales Representative,2,Married,3692,1,No,19,4,1,3,3,1,0,1,1875,2856,Y,3,80,1,0,0,,L1 Employee,Full Time,White ,KPMG
No,0.63,3E+14,30,Travel_Rarely,945,Sales,9,3,Medical,2,Male,89,3,1,Sales Representative,4,Single,16019,1,No,13,3,0,3,2,1,0,1,1876,1081,Y,3,80,1,0,0,,Middle Management,Full Time,Asian,Deloitte
Yes,0.79,3E+14,22,Travel_Rarely,391,Research & Development,7,1,Life Sciences,4,Male,75,3,1,Research Scientist,2,Single,26092,1,Yes,23,1,0,2,3,1,0,1,1878,2472,Y,4,80,1,0,0,,L1 Employee,Contractor,Black,Deloitte
No,0.59,3E+14,36,Travel_Rarely,1266,Sales,10,4,Technical Degree,2,Female,63,2,2,Sales Executive,3,Married,6060,1,Yes,13,1,1,4,3,10,1,1,1880,5673,Y,3,80,10,9,7,,L2 Employee,Contractor,Asian,Cognizant
No,0.96,3E+14,31,Travel_Rarely,311,Research & Development,20,3,Life Sciences,2,Male,89,3,2,Laboratory Technician,3,Divorced,18624,1,No,11,1,1,2,3,10,0,1,1881,4197,Y,3,80,10,8,2,,Middle Management,Full Time,Black,HP
No,0.96,3E+14,34,Travel_Rarely,1480,Sales,4,3,Life Sciences,3,Male,64,3,3,Sales Executive,4,Married,24444,2,Yes,13,4,3,3,3,5,1,1,1882,9713,Y,3,80,9,3,0,,L1 Employee,Full Time,White ,Deloitte
No,0.71,3E+14,29,Travel_Rarely,592,Research & Development,7,3,Life Sciences,4,Male,59,3,1,Laboratory Technician,1,Single,19384,3,No,14,2,0,2,3,3,1,1,1883,2062,Y,3,80,11,2,2,,Middle Management,Full Time,White ,Deloitte
No,0.8,3E+14,37,Travel_Rarely,783,Research & Development,7,4,Medical,4,Male,78,3,2,Research Scientist,1,Married,13588,5,Yes,22,3,1,2,3,5,0,1,1885,4284,Y,4,80,16,3,4,,L3 Employee,Full Time,Asian,KPMG
Yes,0.53,3E+14,35,Travel_Rarely,219,Research & Development,16,2,Other,4,Female,44,2,2,Manufacturing Director,2,Married,25388,0,Yes,11,4,0,2,3,3,0,1,1886,4788,Y,3,80,4,2,2,,L2 Employee,Full Time,White ,Ernst & Young
No,0.95,3E+14,45,Travel_Rarely,556,Research & Development,25,2,Life Sciences,2,Female,93,2,2,Manufacturing Director,4,Married,23888,0,No,13,4,2,2,2,9,3,1,1888,5906,Y,3,80,10,8,8,,L1 Employee,Full Time,White ,Deloitte
No,0.86,3E+14,36,Travel_Frequently,1213,Human Resources,2,1,Human Resources,2,Male,94,2,2,Human Resources,4,Single,4223,1,No,21,4,0,2,2,10,0,1,1890,3886,Y,4,80,10,1,8,,Middle Management,Full Time,Black,KPMG
No,0.99,3E+14,40,Travel_Rarely,1137,Research & Development,1,4,Life Sciences,1,Male,98,3,4,Manager,1,Divorced,18991,2,No,11,1,1,3,3,19,11,1,1892,16823,Y,3,80,22,7,16,,L2 Employee,Contractor,White ,Ernst & Young
Yes,0.54,3E+14,26,Travel_Rarely,482,Research & Development,1,2,Life Sciences,2,Female,90,2,1,Research Scientist,3,Married,14908,1,Yes,13,3,1,3,2,1,1,1,1893,2933,Y,3,80,1,0,0,,L1 Employee,Full Time,White ,Ernst & Young
No,0.69,3E+14,27,Travel_Rarely,511,Sales,2,2,Medical,1,Female,89,4,2,Sales Executive,3,Single,26997,0,No,14,2,0,5,2,8,0,1,1898,6500,Y,3,80,9,7,7,,L1 Employee,Contractor,Asian,Ernst & Young
No,1,3E+14,48,Travel_Frequently,117,Research & Development,22,3,Medical,4,Female,58,3,4,Manager,4,Divorced,2437,3,No,11,2,1,3,3,22,4,1,1900,17174,Y,3,80,24,17,7,,L1 Employee,Contractor,White ,Ernst & Young
No,0.97,3E+14,44,Travel_Rarely,170,Research & Development,1,4,Life Sciences,2,Male,78,4,2,Healthcare Representative,1,Married,9364,2,No,15,4,1,5,3,2,2,1,1903,5033,Y,3,80,10,0,2,,L3 Employee,Contractor,Asian,HP
Yes,0.51,3E+14,34,Non-Travel,967,Research & Development,16,4,Technical Degree,4,Male,85,1,1,Research Scientist,1,Married,14460,1,Yes,23,2,1,2,3,5,3,1,1905,2307,Y,4,80,5,2,0,,L1 Employee,Full Time,Black,KPMG
No,0.84,3E+14,56,Travel_Rarely,1162,Research & Development,24,2,Life Sciences,1,Male,97,3,1,Laboratory Technician,4,Single,10261,1,No,16,4,0,3,3,4,1,1,1907,2587,Y,3,80,5,2,0,,L1 Employee,Full Time,Asian,Ernst & Young
No,0.66,3E+14,36,Travel_Rarely,335,Sales,17,2,Marketing,3,Male,33,2,2,Sales Executive,2,Married,16822,2,No,16,3,2,1,1,4,1,1,1908,5507,Y,3,80,12,2,3,,L3 Employee,Full Time,Black,Ernst & Young
No,0.94,3E+14,41,Travel_Rarely,337,Sales,8,3,Marketing,3,Female,54,3,2,Sales Executive,2,Married,26841,5,No,21,3,1,3,3,5,1,1,1909,4393,Y,4,80,14,4,4,,L2 Employee,Contractor,White ,Ernst & Young
No,0.95,3E+14,42,Travel_Rarely,1396,Research & Development,6,3,Medical,3,Male,83,3,3,Research Director,1,Married,14842,9,No,13,2,1,3,4,13,5,1,1911,13348,Y,3,80,18,7,7,,L1 Employee,Full Time,Asian,Deloitte
No,0.9,3E+14,31,Travel_Rarely,1079,Sales,10,2,Medical,3,Female,86,3,2,Sales Executive,4,Divorced,20115,2,Yes,11,4,1,2,3,5,1,1,1912,6583,Y,3,80,8,2,4,,L3 Employee,Full Time,Other,Ernst & Young
No,0.55,3E+14,34,Travel_Rarely,735,Sales,3,1,Medical,4,Female,75,2,2,Sales Executive,4,Married,16495,3,Yes,12,3,0,3,2,4,0,1,1915,8103,Y,3,80,9,2,1,,Middle Management,Full Time,Black,KPMG
No,0.86,3E+14,31,Travel_Rarely,471,Research & Development,4,3,Medical,1,Female,62,4,1,Laboratory Technician,3,Divorced,16031,8,No,12,2,1,0,2,2,2,1,1916,3978,Y,3,80,4,2,2,,L1 Employee,Contractor,Other,Ernst & Young
No,0.95,3E+14,26,Travel_Frequently,1096,Research & Development,6,3,Other,3,Male,61,4,1,Laboratory Technician,4,Married,7102,0,No,18,1,1,3,3,7,7,1,1918,2544,Y,3,80,8,7,7,,Middle Management,Full Time,Asian,KPMG
No,0.94,3E+14,45,Travel_Frequently,1297,Research & Development,1,4,Medical,2,Male,44,3,2,Healthcare Representative,3,Single,14511,4,No,12,3,0,3,3,4,0,1,1922,5399,Y,3,80,12,2,3,,L1 Employee,Contractor,White ,KPMG
No,0.72,3E+14,33,Travel_Rarely,217,Sales,10,4,Marketing,2,Male,43,3,2,Sales Executive,3,Single,10410,1,No,14,2,0,2,2,10,0,1,1924,5487,Y,3,80,10,4,9,,Middle Management,Full Time,Other,Ernst & Young
No,0.71,3E+14,28,Travel_Frequently,783,Sales,1,2,Life Sciences,3,Male,42,2,2,Sales Executive,4,Married,19255,1,Yes,12,3,1,2,3,7,0,1,1927,6834,Y,3,80,7,7,7,,L1 Employee,Full Time,Black,KPMG
Yes,0.63,3E+14,29,Travel_Frequently,746,Sales,24,3,Technical Degree,3,Male,45,4,1,Sales Representative,1,Single,10642,1,No,17,4,0,3,3,1,0,1,1928,1091,Y,3,80,1,0,0,,L1 Employee,Contractor,Asian,Ernst & Young
No,0.79,3E+14,39,Non-Travel,1251,Sales,21,4,Life Sciences,1,Female,32,1,2,Sales Executive,3,Married,3987,6,No,19,3,1,1,3,3,1,1,1929,5736,Y,3,80,10,2,2,,L3 Employee,Contractor,Black,KPMG
No,0.83,3E+14,27,Travel_Rarely,1354,Research & Development,2,4,Technical Degree,2,Male,41,3,1,Research Scientist,2,Married,6073,1,No,11,3,1,3,2,5,1,1,1931,2226,Y,3,80,6,3,2,,L1 Employee,Contractor,Black,HP
No,0.69,3E+14,34,Travel_Frequently,735,Research & Development,22,4,Other,3,Male,86,2,2,Research Scientist,4,Married,26496,1,Yes,15,2,0,3,3,15,6,1,1932,5747,Y,3,80,16,10,11,,L1 Employee,Full Time,Asian,Cognizant
Yes,0.53,3E+14,28,Travel_Rarely,1475,Sales,13,2,Marketing,4,Female,84,3,2,Sales Executive,3,Single,23352,3,Yes,11,4,0,0,3,2,2,1,1933,9854,Y,3,80,6,0,2,,Middle Management,Full Time,Asian,HP
No,0.97,3E+14,47,Non-Travel,1169,Research & Development,14,4,Technical Degree,3,Male,64,3,2,Research Scientist,2,Married,2125,8,No,18,3,1,4,4,8,1,1,1934,5467,Y,3,80,16,7,7,,L1 Employee,Full Time,Black,KPMG
No,0.92,3E+14,56,Travel_Rarely,1443,Sales,11,5,Marketing,4,Female,89,2,2,Sales Executive,1,Married,20328,4,No,16,3,1,3,3,0,0,1,1935,5380,Y,3,80,6,0,0,,L3 Employee,Full Time,White ,Deloitte
No,0.94,3E+14,39,Travel_Rarely,867,Research & Development,9,2,Medical,1,Male,87,3,2,Manufacturing Director,1,Married,12315,1,No,25,4,1,3,3,10,7,1,1936,5151,Y,4,80,10,0,9,,Middle Management,Full Time,White ,KPMG
No,0.95,3E+14,38,Travel_Frequently,1394,Research & Development,8,3,Medical,4,Female,58,2,2,Research Scientist,2,Divorced,18115,1,Yes,16,3,1,3,3,20,0,1,1937,2133,Y,3,80,20,11,7,,L1 Employee,Contractor,Asian,Ernst & Young
No,0.94,3E+14,58,Travel_Rarely,605,Sales,21,3,Life Sciences,4,Female,72,3,4,Manager,4,Married,11761,4,Yes,13,3,1,2,2,1,0,1,1938,17875,Y,3,80,29,0,0,,L3 Employee,Full Time,Asian,HP
Yes,0.69,3E+14,32,Travel_Frequently,238,Research & Development,5,2,Life Sciences,1,Female,47,4,1,Research Scientist,3,Single,15318,3,Yes,14,1,0,2,3,4,0,1,1939,2432,Y,3,80,8,1,3,,L2 Employee,Contractor,Black,HP
No,0.99,3E+14,38,Travel_Rarely,1206,Research & Development,9,2,Life Sciences,2,Male,71,3,1,Research Scientist,4,Divorced,14293,2,No,19,4,2,0,4,5,0,1,1940,4771,Y,3,80,10,2,3,,L1 Employee,Full Time,Other,Cognizant
No,1,3E+14,49,Travel_Frequently,1064,Research & Development,2,1,Life Sciences,2,Male,42,3,5,Research Director,4,Married,13738,3,No,15,4,0,3,3,5,4,1,1941,19161,Y,3,80,28,4,3,,L1 Employee,Contractor,Black,HP
No,0.92,3E+14,42,Travel_Rarely,419,Sales,12,4,Marketing,2,Male,77,3,2,Sales Executive,4,Divorced,2900,3,Yes,12,3,2,4,3,0,0,1,1943,5087,Y,3,80,14,0,0,,L1 Employee,Contractor,Asian,Ernst & Young
Yes,0.64,3E+14,27,Travel_Frequently,1337,Human Resources,22,3,Human Resources,1,Female,58,2,1,Human Resources,2,Married,19555,1,No,12,1,0,2,3,1,0,1,1944,2863,Y,3,80,1,0,0,,Middle Management,Full Time,Black,Ernst & Young
No,0.61,3E+14,35,Travel_Rarely,682,Sales,18,4,Medical,2,Male,71,3,2,Sales Executive,1,Married,15975,0,No,16,4,1,2,1,5,0,1,1945,5561,Y,3,80,6,3,4,,Middle Management,Full Time,White ,KPMG
No,0.9,3E+14,28,Non-Travel,1103,Research & Development,16,3,Medical,3,Male,49,3,1,Research Scientist,3,Single,2122,1,No,14,3,0,3,2,5,1,1,1947,2144,Y,3,80,5,3,4,,L2 Employee,Full Time,White ,HP
No,0.92,3E+14,31,Non-Travel,976,Research & Development,3,2,Medical,3,Male,48,3,1,Research Scientist,1,Divorced,3995,1,Yes,13,4,1,3,4,4,2,1,1948,3065,Y,3,80,4,2,3,,L1 Employee,Full Time,White ,HP
No,0.96,3E+14,36,Non-Travel,1351,Research & Development,9,4,Life Sciences,1,Male,66,4,1,Laboratory Technician,2,Married,9238,1,No,22,2,0,3,3,5,0,1,1949,2810,Y,4,80,5,4,2,,L2 Employee,Full Time,White ,Cognizant
No,0.87,3E+14,34,Travel_Rarely,937,Sales,1,3,Marketing,1,Male,32,3,3,Sales Executive,4,Single,6770,1,No,21,1,0,3,2,14,2,1,1950,9888,Y,4,80,14,8,1,,L1 Employee,Contractor,Black,Ernst & Young
No,0.98,3E+14,34,Travel_Rarely,1239,Sales,13,4,Medical,4,Male,39,3,3,Sales Executive,3,Divorced,22914,1,No,18,3,1,2,2,8,1,1,1951,8628,Y,3,80,9,7,1,,L2 Employee,Contractor,Asian,Deloitte
No,0.8,3E+14,26,Travel_Rarely,157,Research & Development,1,3,Medical,3,Male,95,3,1,Laboratory Technician,1,Single,20006,0,No,13,4,0,6,2,7,7,1,1952,2867,Y,3,80,8,7,6,,Middle Management,Full Time,Asian,HP
No,0.82,3E+14,29,Travel_Rarely,136,Research & Development,1,3,Life Sciences,1,Male,89,3,2,Healthcare Representative,1,Married,6225,0,No,12,1,1,5,2,5,0,1,1954,5373,Y,3,80,6,3,2,,Middle Management,Full Time,Asian,Cognizant
No,1,3E+14,32,Non-Travel,1146,Research & Development,15,4,Medical,3,Female,34,3,2,Healthcare Representative,4,Divorced,16542,5,No,18,2,1,6,3,5,1,1,1955,6667,Y,3,80,9,1,2,,L2 Employee,Full Time,White ,Ernst & Young
No,0.86,3E+14,31,Travel_Frequently,1125,Research & Development,1,3,Life Sciences,4,Male,48,1,2,Research Scientist,1,Married,5771,1,No,21,2,0,6,3,10,8,1,1956,5003,Y,4,80,10,8,7,,L1 Employee,Contractor,Asian,Ernst & Young
No,0.82,3E+14,28,Travel_Rarely,1404,Research & Development,17,3,Technical Degree,3,Male,32,2,1,Laboratory Technician,4,Divorced,18779,5,No,12,1,1,2,2,4,0,1,1960,2367,Y,3,80,6,1,3,,L1 Employee,Contractor,White ,KPMG
Yes,0.77,3E+14,38,Travel_Rarely,1404,Sales,1,3,Life Sciences,1,Male,59,2,1,Sales Representative,1,Single,11473,4,No,14,1,0,3,2,1,0,1,1961,2858,Y,3,80,20,0,0,,Middle Management,Full Time,White ,HP
No,0.84,3E+14,35,Travel_Rarely,1224,Sales,7,4,Life Sciences,3,Female,55,3,2,Sales Executive,4,Married,13586,1,Yes,11,4,0,2,3,10,0,1,1962,5204,Y,3,80,10,8,9,,L3 Employee,Contractor,Asian,Deloitte
No,0.86,3E+14,27,Travel_Rarely,954,Sales,9,3,Marketing,4,Male,44,3,2,Sales Executive,4,Single,5099,1,No,14,1,0,5,3,7,0,1,1965,4105,Y,3,80,7,7,7,,L1 Employee,Full Time,Asian,KPMG
No,0.8,3E+14,32,Travel_Rarely,1373,Research & Development,5,4,Life Sciences,4,Male,56,2,2,Manufacturing Director,4,Single,10138,8,No,24,2,0,1,3,1,0,1,1966,9679,Y,4,80,8,0,0,,L1 Employee,Full Time,Black,Ernst & Young
No,0.51,3E+14,31,Travel_Frequently,754,Sales,26,4,Marketing,1,Male,63,3,2,Sales Executive,4,Married,21075,1,Yes,11,3,0,4,3,10,0,1,1967,5617,Y,3,80,10,7,8,,L1 Employee,Contractor,White ,HP
Yes,0.83,3E+14,53,Travel_Rarely,1168,Sales,24,4,Life Sciences,1,Male,66,3,3,Sales Executive,1,Single,5843,6,Yes,13,2,0,2,2,2,2,1,1968,10448,Y,3,80,15,2,2,,L3 Employee,Full Time,White ,HP
No,0.97,3E+14,54,Travel_Rarely,155,Research & Development,9,2,Life Sciences,1,Female,67,3,2,Research Scientist,3,Married,22474,3,No,11,3,2,6,2,4,2,1,1969,2897,Y,3,80,9,3,3,,L1 Employee,Contractor,Asian,KPMG
No,1,3E+14,33,Travel_Frequently,1303,Research & Development,7,2,Life Sciences,4,Male,36,3,2,Healthcare Representative,3,Divorced,18079,1,No,20,3,3,2,3,9,2,1,1970,5968,Y,4,80,9,7,8,,L1 Employee,Contractor,White ,HP
No,0.97,3E+14,43,Travel_Rarely,574,Research & Development,11,3,Life Sciences,1,Male,30,3,3,Healthcare Representative,3,Married,16873,1,No,17,2,1,1,3,10,0,1,1971,7510,Y,3,80,10,9,9,,Middle Management,Full Time,White ,Ernst & Young
No,0.83,3E+14,38,Travel_Frequently,1444,Human Resources,1,4,Other,4,Male,88,3,1,Human Resources,2,Married,5224,0,Yes,11,2,1,2,3,6,1,1,1972,2991,Y,3,80,7,2,2,,Middle Management,Full Time,Asian,Deloitte
No,0.97,3E+14,55,Travel_Rarely,189,Human Resources,26,4,Human Resources,3,Male,71,4,5,Manager,2,Married,25811,4,Yes,18,1,1,0,3,10,1,1,1973,19636,Y,3,80,35,9,4,,L2 Employee,Contractor,Asian,KPMG
No,0.88,3E+14,31,Travel_Rarely,1276,Research & Development,2,1,Medical,4,Female,59,1,1,Laboratory Technician,4,Divorced,17536,1,Yes,11,3,3,4,3,1,0,1,1974,1129,Y,3,80,1,0,0,,Middle Management,Full Time,Black,Ernst & Young
No,0.88,3E+14,39,Travel_Rarely,119,Sales,15,4,Marketing,2,Male,77,3,4,Sales Executive,1,Single,25098,0,No,12,1,0,3,3,20,11,1,1975,13341,Y,3,80,21,8,10,,L3 Employee,Contractor,White ,Deloitte
No,0.95,3E+14,42,Non-Travel,335,Research & Development,23,2,Life Sciences,4,Male,37,2,2,Research Scientist,3,Single,14811,1,No,12,4,0,2,3,20,3,1,1976,4332,Y,3,80,20,9,7,,L3 Employee,Contractor,Other,KPMG
No,0.99,3E+14,31,Non-Travel,697,Research & Development,10,3,Medical,3,Female,40,3,3,Research Director,3,Married,26862,4,No,20,3,1,2,4,11,4,1,1979,11031,Y,4,80,13,7,8,,Middle Management,Full Time,Other,Ernst & Young
No,0.58,3E+14,54,Travel_Rarely,157,Research & Development,10,3,Medical,3,Female,77,3,2,Manufacturing Director,1,Single,25198,6,Yes,19,4,0,3,3,5,1,1,1980,4440,Y,3,80,9,2,4,,L2 Employee,Contractor,White ,Deloitte
No,0.59,3E+14,24,Travel_Rarely,771,Research & Development,1,2,Life Sciences,2,Male,45,2,2,Healthcare Representative,3,Single,14120,1,No,12,2,0,2,2,4,1,1,1981,4617,Y,3,80,4,3,2,,L3 Employee,Contractor,White ,Ernst & Young
No,0.86,3E+14,23,Travel_Rarely,571,Research & Development,12,2,Other,4,Male,78,3,1,Laboratory Technician,4,Single,13672,1,No,13,3,0,6,4,5,1,1,1982,2647,Y,3,80,5,2,4,,L1 Employee,Contractor,White ,Ernst & Young
No,0.95,3E+14,40,Travel_Frequently,692,Research & Development,11,3,Technical Degree,4,Female,73,3,2,Laboratory Technician,3,Married,26849,1,No,11,1,1,2,4,10,9,1,1985,6323,Y,3,80,10,9,4,,L1 Employee,Contractor,White ,Deloitte
No,0.96,3E+14,40,Travel_Rarely,444,Sales,2,2,Marketing,2,Female,92,3,2,Sales Executive,2,Married,4258,3,No,14,3,1,4,3,11,5,1,1986,5677,Y,3,80,15,8,10,,L1 Employee,Contractor,Asian,Deloitte
No,0.8,3E+14,25,Travel_Rarely,309,Human Resources,2,3,Human Resources,3,Female,82,3,1,Human Resources,2,Married,19655,4,No,14,3,0,3,3,2,1,1,1987,2187,Y,3,80,6,0,2,,L1 Employee,Contractor,Black,Deloitte
No,0.95,3E+14,30,Travel_Rarely,911,Research & Development,1,2,Medical,4,Male,76,3,1,Laboratory Technician,2,Married,4077,1,No,13,3,0,6,2,12,1,1,1989,3748,Y,3,80,12,8,7,,Middle Management,Full Time,Black,HP
No,0.73,3E+14,25,Travel_Rarely,977,Research & Development,2,1,Other,4,Male,57,3,1,Laboratory Technician,3,Divorced,7298,6,Yes,19,3,1,2,2,2,0,1,1992,3977,Y,3,80,7,2,2,,Middle Management,Full Time,White ,Deloitte
No,0.9,3E+14,47,Travel_Rarely,1180,Research & Development,25,3,Medical,1,Male,84,3,3,Healthcare Representative,3,Single,13084,2,No,23,2,0,3,3,17,12,1,1993,8633,Y,4,80,25,14,11,,L1 Employee,Full Time,White ,KPMG
No,0.99,3E+14,33,Non-Travel,1313,Research & Development,1,2,Medical,2,Male,59,2,1,Laboratory Technician,3,Divorced,20439,1,No,12,3,3,2,2,1,0,1,1994,2008,Y,3,80,1,1,0,,L1 Employee,Full Time,White ,Cognizant
No,0.98,3E+14,38,Travel_Rarely,1321,Sales,1,4,Life Sciences,4,Male,86,3,2,Sales Executive,2,Married,7636,0,No,15,1,2,3,3,15,5,1,1995,4440,Y,3,80,16,13,8,,Middle Management,Full Time,Asian,Deloitte
No,0.82,3E+14,31,Travel_Rarely,1154,Sales,2,2,Life Sciences,1,Male,54,3,1,Sales Representative,3,Married,6393,0,No,19,3,1,1,3,2,1,1,1996,3067,Y,3,80,3,2,2,,L1 Employee,Contractor,White ,Ernst & Young
No,0.93,3E+14,38,Travel_Frequently,508,Research & Development,6,4,Life Sciences,1,Male,72,2,2,Manufacturing Director,3,Married,14284,2,No,11,4,1,1,3,8,7,1,1997,5321,Y,3,80,10,3,7,,L1 Employee,Contractor,Other,KPMG
No,0.8,3E+14,42,Travel_Rarely,557,Research & Development,18,4,Life Sciences,4,Male,35,3,2,Research Scientist,1,Divorced,11189,6,Yes,17,3,1,3,2,4,1,1,1998,5410,Y,3,80,9,3,2,,L3 Employee,Contractor,White ,HP
No,0.97,3E+14,41,Travel_Rarely,642,Research & Development,1,3,Life Sciences,4,Male,76,3,1,Research Scientist,4,Married,21412,3,No,22,1,1,3,3,5,1,1,1999,2782,Y,4,80,12,3,0,,L3 Employee,Full Time,White ,Ernst & Young
No,0.99,3E+14,47,Non-Travel,1162,Research & Development,1,1,Medical,3,Female,98,3,3,Research Director,2,Married,17231,0,No,18,1,2,3,1,13,5,1,2000,11957,Y,3,80,14,8,12,,L1 Employee,Contractor,Asian,HP
No,0.78,3E+14,35,Travel_Rarely,1490,Research & Development,11,4,Medical,4,Male,43,3,1,Laboratory Technician,3,Married,20232,7,Yes,11,3,1,3,3,2,2,1,2003,2660,Y,3,80,5,2,2,,L1 Employee,Full Time,Asian,Cognizant
No,0.73,3E+14,22,Travel_Rarely,581,Research & Development,1,2,Life Sciences,4,Male,63,3,1,Research Scientist,3,Single,17624,0,No,12,4,0,2,4,3,1,1,2007,3375,Y,3,80,4,2,2,,L1 Employee,Full Time,Asian,Cognizant
No,0.94,3E+14,35,Travel_Rarely,1395,Research & Development,9,4,Medical,2,Male,48,3,2,Research Scientist,3,Single,18698,1,No,19,2,0,5,3,10,0,1,2008,5098,Y,3,80,10,7,8,,L1 Employee,Contractor,Black,Cognizant
No,0.88,3E+14,33,Travel_Rarely,501,Research & Development,15,2,Medical,2,Female,95,3,2,Healthcare Representative,4,Married,21653,0,Yes,13,1,1,6,3,9,8,1,2009,4878,Y,3,80,10,7,1,,Middle Management,Full Time,White ,Cognizant
No,0.58,3E+14,32,Travel_Rarely,267,Research & Development,29,4,Life Sciences,3,Female,49,2,1,Laboratory Technician,2,Single,15919,1,No,13,3,0,3,3,6,4,1,2010,2837,Y,3,80,6,2,1,,Middle Management,Full Time,Asian,Deloitte
No,0.92,3E+14,40,Travel_Rarely,543,Research & Development,1,4,Life Sciences,1,Male,83,3,1,Laboratory Technician,4,Married,4060,8,No,19,3,2,3,2,1,0,1,2012,2406,Y,3,80,8,0,0,,L1 Employee,Contractor,White ,Cognizant
No,0.7,3E+14,32,Travel_Rarely,234,Sales,1,4,Medical,2,Male,68,2,1,Sales Representative,2,Married,18024,0,No,14,2,1,2,3,2,2,1,2013,2269,Y,3,80,3,2,2,,L1 Employee,Full Time,White ,Deloitte
No,0.51,3E+14,39,Travel_Rarely,116,Research & Development,24,1,Life Sciences,1,Male,52,3,2,Research Scientist,4,Single,5340,7,No,13,1,0,2,3,7,1,1,2014,4108,Y,3,80,18,7,7,,L1 Employee,Full Time,White ,Ernst & Young
No,0.92,3E+14,38,Travel_Rarely,201,Research & Development,10,3,Medical,2,Female,99,1,3,Research Director,3,Married,3376,3,No,12,1,1,3,3,18,1,1,2015,13206,Y,3,80,20,16,11,,Middle Management,Full Time,Asian,KPMG
No,0.99,3E+14,32,Travel_Rarely,801,Sales,1,4,Marketing,3,Female,48,3,3,Sales Executive,4,Married,24032,1,No,19,3,2,3,3,14,5,1,2016,10422,Y,3,80,14,10,7,,L1 Employee,Full Time,White ,KPMG
No,0.96,3E+14,37,Travel_Rarely,161,Research & Development,10,3,Life Sciences,3,Female,42,4,3,Research Director,4,Married,15471,1,Yes,25,1,1,2,3,16,6,1,2017,13744,Y,4,80,16,11,8,,L1 Employee,Contractor,Black,Cognizant
No,0.63,3E+14,25,Travel_Rarely,1382,Sales,8,2,Other,1,Female,85,3,2,Sales Executive,3,Divorced,13684,0,Yes,22,2,1,3,2,5,0,1,2018,4907,Y,4,80,6,3,4,,L3 Employee,Full Time,White ,Deloitte
No,0.97,3E+14,52,Non-Travel,585,Sales,29,4,Life Sciences,1,Male,40,3,1,Sales Representative,4,Divorced,19788,2,No,15,2,2,3,2,9,0,1,2019,3482,Y,3,80,16,8,0,,L3 Employee,Full Time,Black,Ernst & Young
No,0.58,3E+14,44,Travel_Rarely,1037,Research & Development,1,3,Medical,2,Male,42,3,1,Research Scientist,4,Single,13422,6,Yes,12,3,0,2,3,4,1,1,2020,2436,Y,3,80,6,3,2,,L2 Employee,Contractor,Asian,HP
Yes,0.81,3E+14,21,Travel_Rarely,501,Sales,5,1,Medical,3,Male,58,3,1,Sales Representative,1,Single,25479,1,Yes,11,4,0,6,3,2,1,1,2021,2380,Y,3,80,2,2,2,,L1 Employee,Full Time,Asian,HP
No,1,3E+14,39,Non-Travel,105,Research & Development,9,3,Life Sciences,4,Male,87,3,5,Manager,4,Single,15302,2,No,13,3,0,3,2,6,1,1,2022,19431,Y,3,80,21,0,3,,L2 Employee,Full Time,Asian,Deloitte
No,0.62,3E+14,23,Travel_Frequently,638,Sales,9,3,Marketing,4,Male,33,3,1,Sales Representative,1,Married,26956,1,No,19,1,1,3,2,1,1,1,2023,1790,Y,3,80,1,0,0,,Middle Management,Full Time,Asian,Cognizant
No,0.97,3E+14,36,Travel_Rarely,557,Sales,3,3,Medical,1,Female,94,2,3,Sales Executive,4,Married,12695,0,No,19,3,2,2,3,9,3,1,2024,7644,Y,3,80,10,7,4,,L3 Employee,Full Time,Black,HP
No,0.99,3E+14,36,Travel_Frequently,688,Research & Development,4,2,Life Sciences,4,Female,97,3,2,Manufacturing Director,2,Divorced,9192,7,No,13,2,3,3,3,4,0,1,2025,5131,Y,3,80,18,2,2,,L1 Employee,Contractor,Asian,Cognizant
No,1,3E+14,56,Non-Travel,667,Research & Development,1,4,Life Sciences,3,Male,57,3,2,Healthcare Representative,3,Divorced,26236,1,No,21,1,1,2,2,13,1,1,2026,6306,Y,4,80,13,12,9,,L3 Employee,Contractor,Other,Deloitte
No,0.59,3E+14,29,Travel_Rarely,1092,Research & Development,1,4,Medical,1,Male,36,3,1,Research Scientist,4,Married,26124,9,Yes,14,2,3,3,4,2,2,1,2027,4787,Y,3,80,4,2,2,,L1 Employee,Full Time,Black,Cognizant
No,0.99,3E+14,42,Travel_Rarely,300,Research & Development,2,3,Life Sciences,1,Male,56,3,5,Manager,3,Married,17312,5,No,11,1,0,2,2,22,4,1,2031,18880,Y,3,80,24,6,14,,L2 Employee,Full Time,White ,HP
No,0.81,3E+14,56,Travel_Rarely,310,Research & Development,7,2,Technical Degree,4,Male,72,3,1,Laboratory Technician,3,Married,3666,8,No,11,4,1,4,1,10,9,1,2032,2339,Y,3,80,14,9,8,,L1 Employee,Contractor,Asian,HP
No,0.97,3E+14,41,Travel_Rarely,582,Research & Development,28,4,Life Sciences,1,Female,60,2,4,Manufacturing Director,2,Married,5640,0,No,23,3,1,3,3,20,0,1,2034,13570,Y,4,80,21,7,10,,L2 Employee,Full Time,Black,HP
No,0.93,3E+14,34,Travel_Rarely,704,Sales,28,3,Marketing,4,Female,95,2,2,Sales Executive,3,Married,8978,1,No,21,4,2,2,3,8,1,1,2035,6712,Y,4,80,8,7,7,,L3 Employee,Full Time,White ,N/A
No,0.96,3E+14,36,Non-Travel,301,Sales,15,4,Marketing,4,Male,88,1,2,Sales Executive,4,Divorced,10436,1,No,24,1,1,4,2,15,11,1,2036,5406,Y,4,80,15,12,11,,Middle Management,Full Time,Black,N/A
No,0.97,3E+14,41,Travel_Rarely,930,Sales,3,3,Life Sciences,3,Male,57,2,2,Sales Executive,2,Divorced,12227,2,No,11,3,1,5,3,5,0,1,2037,8938,Y,3,80,14,4,4,,L1 Employee,Full Time,White ,N/A
No,0.75,3E+14,32,Travel_Rarely,529,Research & Development,2,3,Technical Degree,4,Male,78,3,1,Research Scientist,1,Single,11288,1,No,14,4,0,4,3,4,1,1,2038,2439,Y,3,80,4,2,2,,L1 Employee,Contractor,Asian,KPMG
No,0.77,3E+14,35,Travel_Rarely,1146,Human Resources,26,4,Life Sciences,3,Female,31,3,3,Human Resources,4,Single,16642,1,Yes,16,3,0,2,3,9,1,1,2040,8837,Y,3,80,9,0,7,,L3 Employee,Contractor,White ,Cognizant
No,0.93,3E+14,38,Travel_Rarely,345,Sales,10,2,Life Sciences,1,Female,100,3,2,Sales Executive,4,Married,5982,1,No,11,3,1,1,3,10,1,1,2041,5343,Y,3,80,10,7,9,,L2 Employee,Full Time,White ,N/A
No,0.99,3E+14,50,Travel_Frequently,878,Sales,1,4,Life Sciences,2,Male,94,3,2,Sales Executive,3,Divorced,14255,7,No,12,4,2,3,3,6,0,1,2044,6728,Y,3,80,12,3,1,,L1 Employee,Contractor,White ,Ernst & Young
No,0.86,3E+14,36,Travel_Rarely,1120,Sales,11,4,Marketing,2,Female,100,2,2,Sales Executive,4,Married,14369,4,No,13,1,1,2,2,6,0,1,2045,6652,Y,3,80,8,3,0,,L1 Employee,Contractor,White ,HP
No,0.74,3E+14,45,Travel_Rarely,374,Sales,20,3,Life Sciences,4,Female,50,3,2,Sales Executive,3,Single,23333,8,No,15,3,0,3,3,5,0,1,2046,4850,Y,3,80,8,3,1,,L1 Employee,Contractor,Asian,Deloitte
No,0.86,3E+14,40,Travel_Rarely,1322,Research & Development,2,4,Life Sciences,3,Male,52,2,1,Research Scientist,3,Single,2725,2,No,14,4,0,2,3,2,2,1,2048,2809,Y,3,80,8,2,2,,Middle Management,Full Time,Other,N/A
No,0.92,3E+14,35,Travel_Frequently,1199,Research & Development,18,4,Life Sciences,3,Male,80,3,2,Healthcare Representative,3,Married,24594,1,Yes,14,4,2,2,4,10,0,1,2049,5689,Y,3,80,10,2,2,,L1 Employee,Contractor,Asian,Ernst & Young
No,0.99,3E+14,40,Travel_Rarely,1194,Research & Development,2,4,Medical,3,Female,98,3,1,Research Scientist,3,Married,12549,2,No,14,2,3,2,3,5,0,1,2051,2001,Y,3,80,20,3,2,,L1 Employee,Full Time,Black,N/A
No,0.91,3E+14,35,Travel_Rarely,287,Research & Development,1,4,Life Sciences,3,Female,62,1,1,Research Scientist,4,Married,8952,1,No,12,4,1,5,3,4,1,1,2052,2977,Y,3,80,4,3,1,,L1 Employee,Contractor,Asian,HP
Yes,0.51,3E+14,29,Travel_Rarely,1378,Research & Development,13,2,Other,4,Male,46,2,2,Laboratory Technician,2,Married,23679,4,Yes,13,1,1,2,3,4,0,1,2053,4025,Y,3,80,10,3,3,,Middle Management,Full Time,Other,N/A
Yes,0.82,3E+14,29,Travel_Rarely,468,Research & Development,28,4,Medical,4,Female,73,2,1,Research Scientist,1,Single,8489,1,No,14,2,0,3,1,5,0,1,2054,3785,Y,3,80,5,4,4,,L1 Employee,Full Time,White ,N/A
No,0.68,3E+14,50,Travel_Rarely,410,Sales,28,3,Marketing,4,Male,39,2,3,Sales Executive,1,Divorced,16586,4,Yes,13,2,1,3,3,3,2,1,2055,10854,Y,3,80,20,2,0,,Middle Management,Full Time,Asian,N/A
No,0.94,3E+14,39,Travel_Rarely,722,Sales,24,1,Marketing,2,Female,60,2,4,Sales Executive,4,Married,8828,0,No,11,1,1,2,2,20,9,1,2056,12031,Y,3,80,21,9,6,,L1 Employee,Full Time,White ,N/A
No,0.92,3E+14,31,Non-Travel,325,Research & Development,5,3,Medical,2,Male,74,3,2,Manufacturing Director,1,Single,3787,0,No,19,2,0,2,3,9,1,1,2057,9936,Y,3,80,10,4,7,,L2 Employee,Full Time,White ,N/A
No,0.62,3E+14,26,Travel_Rarely,1167,Sales,5,3,Other,4,Female,30,2,1,Sales Representative,3,Single,21378,0,No,18,4,0,2,3,4,0,1,2060,2966,Y,3,80,5,2,0,,L1 Employee,Full Time,White ,N/A
No,0.97,3E+14,36,Travel_Frequently,884,Research & Development,23,2,Medical,3,Male,41,4,2,Laboratory Technician,4,Married,12290,4,No,17,3,1,3,3,5,0,1,2061,2571,Y,3,80,17,2,3,,L2 Employee,Full Time,White ,N/A
No,0.95,3E+14,39,Travel_Rarely,613,Research & Development,6,1,Medical,4,Male,42,2,3,Healthcare Representative,1,Married,21457,4,No,15,1,1,5,3,7,1,1,2062,9991,Y,3,80,9,7,7,,L2 Employee,Contractor,White ,Deloitte
No,0.74,3E+14,27,Travel_Rarely,155,Research & Development,4,3,Life Sciences,2,Male,87,4,2,Manufacturing Director,2,Married,5174,1,Yes,20,2,1,0,3,6,0,1,2064,6142,Y,4,80,6,2,3,,Middle Management,Full Time,Black,N/A
No,0.91,3E+14,49,Travel_Frequently,1023,Sales,2,3,Medical,4,Male,63,2,2,Sales Executive,2,Married,13243,2,No,14,4,0,3,2,9,0,1,2065,5390,Y,3,80,17,6,8,,L2 Employee,Full Time,Other,N/A
No,0.9,3E+14,34,Travel_Rarely,628,Research & Development,8,3,Medical,2,Male,82,4,2,Laboratory Technician,3,Married,10228,2,No,12,1,0,3,4,4,1,1,2068,4404,Y,3,80,6,3,2,,L1 Employee,Full Time,Asian,N/A